,ddG (kcal/mol),Mutation,Wildtype AA,Mutant AA,Position,Chain
0,-0.0159,NA1A,N,A,1,A
1,-0.1825,NA1C,N,C,1,A
2,-0.084,NA1D,N,D,1,A
3,-0.0046,NA1E,N,E,1,A
4,0.0032,NA1F,N,F,1,A
5,-0.0556,NA1G,N,G,1,A
6,-0.0934,NA1H,N,H,1,A
7,0.0365,NA1I,N,I,1,A
8,-0.0253,NA1K,N,K,1,A
9,-0.0102,NA1L,N,L,1,A
10,-0.0194,NA1M,N,M,1,A
11,0.0,NA1N,N,N,1,A
12,-0.0386,NA1P,N,P,1,A
13,0.0224,NA1Q,N,Q,1,A
14,0.0569,NA1R,N,R,1,A
15,-0.0658,NA1S,N,S,1,A
16,0.0427,NA1T,N,T,1,A
17,-0.0012,NA1V,N,V,1,A
18,-0.125,NA1W,N,W,1,A
19,0.0439,NA1Y,N,Y,1,A
20,0.4919,NA2A,N,A,2,A
21,0.0661,NA2C,N,C,2,A
22,0.4191,NA2D,N,D,2,A
23,0.6195,NA2E,N,E,2,A
24,0.4501,NA2F,N,F,2,A
25,0.2892,NA2G,N,G,2,A
26,0.293,NA2H,N,H,2,A
27,1.0233,NA2I,N,I,2,A
28,0.7369,NA2K,N,K,2,A
29,0.698,NA2L,N,L,2,A
30,0.5273,NA2M,N,M,2,A
31,0.0,NA2N,N,N,2,A
32,1.3066,NA2P,N,P,2,A
33,0.5184,NA2Q,N,Q,2,A
34,0.7152,NA2R,N,R,2,A
35,0.4192,NA2S,N,S,2,A
36,0.7911,NA2T,N,T,2,A
37,0.997,NA2V,N,V,2,A
38,0.2352,NA2W,N,W,2,A
39,0.4903,NA2Y,N,Y,2,A
40,0.6673,TA3A,T,A,3,A
41,0.2925,TA3C,T,C,3,A
42,0.8256,TA3D,T,D,3,A
43,0.7423,TA3E,T,E,3,A
44,0.7787,TA3F,T,F,3,A
45,1.0299,TA3G,T,G,3,A
46,0.8089,TA3H,T,H,3,A
47,0.3285,TA3I,T,I,3,A
48,0.8539,TA3K,T,K,3,A
49,0.6324,TA3L,T,L,3,A
50,0.6299,TA3M,T,M,3,A
51,0.7647,TA3N,T,N,3,A
52,1.4254,TA3P,T,P,3,A
53,0.6189,TA3Q,T,Q,3,A
54,0.8256,TA3R,T,R,3,A
55,0.342,TA3S,T,S,3,A
56,0.0,TA3T,T,T,3,A
57,0.2071,TA3V,T,V,3,A
58,0.7227,TA3W,T,W,3,A
59,0.7433,TA3Y,T,Y,3,A
60,0.0,AA4A,A,A,4,A
61,1.3923,AA4C,A,C,4,A
62,1.9992,AA4D,A,D,4,A
63,1.8794,AA4E,A,E,4,A
64,2.2333,AA4F,A,F,4,A
65,1.8361,AA4G,A,G,4,A
66,2.2806,AA4H,A,H,4,A
67,1.7194,AA4I,A,I,4,A
68,2.1242,AA4K,A,K,4,A
69,1.6991,AA4L,A,L,4,A
70,1.6217,AA4M,A,M,4,A
71,2.4033,AA4N,A,N,4,A
72,3.1083,AA4P,A,P,4,A
73,1.3758,AA4Q,A,Q,4,A
74,2.0505,AA4R,A,R,4,A
75,1.3164,AA4S,A,S,4,A
76,1.7065,AA4T,A,T,4,A
77,1.8222,AA4V,A,V,4,A
78,2.2575,AA4W,A,W,4,A
79,2.5019,AA4Y,A,Y,4,A
80,-0.1388,SA5A,S,A,5,A
81,0.4371,SA5C,S,C,5,A
82,1.1108,SA5D,S,D,5,A
83,0.9009,SA5E,S,E,5,A
84,0.9145,SA5F,S,F,5,A
85,0.6137,SA5G,S,G,5,A
86,0.9679,SA5H,S,H,5,A
87,0.9545,SA5I,S,I,5,A
88,1.0273,SA5K,S,K,5,A
89,0.9996,SA5L,S,L,5,A
90,0.8745,SA5M,S,M,5,A
91,0.9567,SA5N,S,N,5,A
92,0.1529,SA5P,S,P,5,A
93,0.9434,SA5Q,S,Q,5,A
94,0.897,SA5R,S,R,5,A
95,0.0,SA5S,S,S,5,A
96,0.5686,SA5T,S,T,5,A
97,0.8432,SA5V,S,V,5,A
98,0.8967,SA5W,S,W,5,A
99,0.7673,SA5Y,S,Y,5,A
100,2.1659,WA6A,W,A,6,A
101,1.4669,WA6C,W,C,6,A
102,2.3981,WA6D,W,D,6,A
103,2.3536,WA6E,W,E,6,A
104,0.7267,WA6F,W,F,6,A
105,2.539,WA6G,W,G,6,A
106,1.0619,WA6H,W,H,6,A
107,1.814,WA6I,W,I,6,A
108,2.5386,WA6K,W,K,6,A
109,1.7756,WA6L,W,L,6,A
110,1.791,WA6M,W,M,6,A
111,2.0324,WA6N,W,N,6,A
112,1.8281,WA6P,W,P,6,A
113,2.2882,WA6Q,W,Q,6,A
114,2.2193,WA6R,W,R,6,A
115,2.3702,WA6S,W,S,6,A
116,2.2247,WA6T,W,T,6,A
117,2.2776,WA6V,W,V,6,A
118,0.0,WA6W,W,W,6,A
119,0.9898,WA6Y,W,Y,6,A
120,1.7603,FA7A,F,A,7,A
121,0.9206,FA7C,F,C,7,A
122,2.3277,FA7D,F,D,7,A
123,2.0448,FA7E,F,E,7,A
124,0.0,FA7F,F,F,7,A
125,1.9359,FA7G,F,G,7,A
126,1.7135,FA7H,F,H,7,A
127,1.2211,FA7I,F,I,7,A
128,2.0924,FA7K,F,K,7,A
129,1.2507,FA7L,F,L,7,A
130,1.1336,FA7M,F,M,7,A
131,2.1842,FA7N,F,N,7,A
132,1.6477,FA7P,F,P,7,A
133,2.0195,FA7Q,F,Q,7,A
134,1.9376,FA7R,F,R,7,A
135,1.8797,FA7S,F,S,7,A
136,1.7982,FA7T,F,T,7,A
137,1.1572,FA7V,F,V,7,A
138,0.5505,FA7W,F,W,7,A
139,0.324,FA7Y,F,Y,7,A
140,1.8736,TA8A,T,A,8,A
141,1.5372,TA8C,T,C,8,A
142,1.8341,TA8D,T,D,8,A
143,2.1581,TA8E,T,E,8,A
144,1.9841,TA8F,T,F,8,A
145,1.362,TA8G,T,G,8,A
146,2.077,TA8H,T,H,8,A
147,1.9572,TA8I,T,I,8,A
148,2.1529,TA8K,T,K,8,A
149,2.0767,TA8L,T,L,8,A
150,2.083,TA8M,T,M,8,A
151,1.6126,TA8N,T,N,8,A
152,2.7138,TA8P,T,P,8,A
153,2.1221,TA8Q,T,Q,8,A
154,2.073,TA8R,T,R,8,A
155,0.7603,TA8S,T,S,8,A
156,0.0,TA8T,T,T,8,A
157,1.8097,TA8V,T,V,8,A
158,2.1964,TA8W,T,W,8,A
159,2.2788,TA8Y,T,Y,8,A
160,0.0,AA9A,A,A,9,A
161,0.4113,AA9C,A,C,9,A
162,1.487,AA9D,A,D,9,A
163,1.11,AA9E,A,E,9,A
164,0.5104,AA9F,A,F,9,A
165,0.6944,AA9G,A,G,9,A
166,0.7343,AA9H,A,H,9,A
167,0.5937,AA9I,A,I,9,A
168,1.1169,AA9K,A,K,9,A
169,0.7531,AA9L,A,L,9,A
170,1.0277,AA9M,A,M,9,A
171,1.1522,AA9N,A,N,9,A
172,0.0023,AA9P,A,P,9,A
173,1.0418,AA9Q,A,Q,9,A
174,1.1392,AA9R,A,R,9,A
175,0.5677,AA9S,A,S,9,A
176,0.8557,AA9T,A,T,9,A
177,0.5672,AA9V,A,V,9,A
178,0.701,AA9W,A,W,9,A
179,0.6096,AA9Y,A,Y,9,A
180,2.4131,LA10A,L,A,10,A
181,1.6003,LA10C,L,C,10,A
182,3.1638,LA10D,L,D,10,A
183,2.8095,LA10E,L,E,10,A
184,1.396,LA10F,L,F,10,A
185,2.7809,LA10G,L,G,10,A
186,2.7643,LA10H,L,H,10,A
187,0.6409,LA10I,L,I,10,A
188,2.7294,LA10K,L,K,10,A
189,0.0,LA10L,L,L,10,A
190,1.1267,LA10M,L,M,10,A
191,2.8716,LA10N,L,N,10,A
192,2.7614,LA10P,L,P,10,A
193,2.6531,LA10Q,L,Q,10,A
194,2.8175,LA10R,L,R,10,A
195,2.7705,LA10S,L,S,10,A
196,2.3725,LA10T,L,T,10,A
197,1.0713,LA10V,L,V,10,A
198,2.0854,LA10W,L,W,10,A
199,2.0375,LA10Y,L,Y,10,A
200,0.9492,TA11A,T,A,11,A
201,0.3893,TA11C,T,C,11,A
202,1.7883,TA11D,T,D,11,A
203,1.3551,TA11E,T,E,11,A
204,0.3841,TA11F,T,F,11,A
205,1.9258,TA11G,T,G,11,A
206,1.022,TA11H,T,H,11,A
207,-0.2541,TA11I,T,I,11,A
208,1.1908,TA11K,T,K,11,A
209,0.4347,TA11L,T,L,11,A
210,0.6547,TA11M,T,M,11,A
211,1.4835,TA11N,T,N,11,A
212,2.3849,TA11P,T,P,11,A
213,1.055,TA11Q,T,Q,11,A
214,1.1434,TA11R,T,R,11,A
215,0.9059,TA11S,T,S,11,A
216,0.0,TA11T,T,T,11,A
217,-0.2948,TA11V,T,V,11,A
218,0.4559,TA11W,T,W,11,A
219,0.512,TA11Y,T,Y,11,A
220,0.6145,QA12A,Q,A,12,A
221,0.5289,QA12C,Q,C,12,A
222,1.1817,QA12D,Q,D,12,A
223,1.2049,QA12E,Q,E,12,A
224,0.7269,QA12F,Q,F,12,A
225,1.557,QA12G,Q,G,12,A
226,0.5622,QA12H,Q,H,12,A
227,0.8229,QA12I,Q,I,12,A
228,0.5205,QA12K,Q,K,12,A
229,0.5134,QA12L,Q,L,12,A
230,0.7007,QA12M,Q,M,12,A
231,0.5019,QA12N,Q,N,12,A
232,2.3912,QA12P,Q,P,12,A
233,0.0,QA12Q,Q,Q,12,A
234,0.064,QA12R,Q,R,12,A
235,0.7006,QA12S,Q,S,12,A
236,1.388,QA12T,Q,T,12,A
237,0.9658,QA12V,Q,V,12,A
238,0.8298,QA12W,Q,W,12,A
239,0.6993,QA12Y,Q,Y,12,A
240,0.6098,HA13A,H,A,13,A
241,-0.0077,HA13C,H,C,13,A
242,0.9055,HA13D,H,D,13,A
243,0.6177,HA13E,H,E,13,A
244,-0.1121,HA13F,H,F,13,A
245,1.0016,HA13G,H,G,13,A
246,0.0,HA13H,H,H,13,A
247,0.311,HA13I,H,I,13,A
248,0.3454,HA13K,H,K,13,A
249,0.337,HA13L,H,L,13,A
250,0.4281,HA13M,H,M,13,A
251,0.4315,HA13N,H,N,13,A
252,1.7012,HA13P,H,P,13,A
253,0.3462,HA13Q,H,Q,13,A
254,0.3051,HA13R,H,R,13,A
255,0.3446,HA13S,H,S,13,A
256,-0.0126,HA13T,H,T,13,A
257,0.291,HA13V,H,V,13,A
258,-0.0013,HA13W,H,W,13,A
259,0.0536,HA13Y,H,Y,13,A
260,0.8609,GA14A,G,A,14,A
261,0.1254,GA14C,G,C,14,A
262,-0.0481,GA14D,G,D,14,A
263,0.5325,GA14E,G,E,14,A
264,0.7588,GA14F,G,F,14,A
265,0.0,GA14G,G,G,14,A
266,0.568,GA14H,G,H,14,A
267,1.2305,GA14I,G,I,14,A
268,1.021,GA14K,G,K,14,A
269,1.0001,GA14L,G,L,14,A
270,0.8464,GA14M,G,M,14,A
271,-0.4067,GA14N,G,N,14,A
272,1.1059,GA14P,G,P,14,A
273,0.6776,GA14Q,G,Q,14,A
274,0.9033,GA14R,G,R,14,A
275,0.0043,GA14S,G,S,14,A
276,0.434,GA14T,G,T,14,A
277,1.1599,GA14V,G,V,14,A
278,0.7549,GA14W,G,W,14,A
279,0.7464,GA14Y,G,Y,14,A
280,0.0295,KA15A,K,A,15,A
281,-0.1581,KA15C,K,C,15,A
282,0.005,KA15D,K,D,15,A
283,0.1757,KA15E,K,E,15,A
284,0.2058,KA15F,K,F,15,A
285,0.0904,KA15G,K,G,15,A
286,-0.0445,KA15H,K,H,15,A
287,0.2109,KA15I,K,I,15,A
288,0.0,KA15K,K,K,15,A
289,0.1179,KA15L,K,L,15,A
290,0.0627,KA15M,K,M,15,A
291,-0.1675,KA15N,K,N,15,A
292,0.4044,KA15P,K,P,15,A
293,0.0052,KA15Q,K,Q,15,A
294,0.0048,KA15R,K,R,15,A
295,-0.1662,KA15S,K,S,15,A
296,-0.1196,KA15T,K,T,15,A
297,0.1621,KA15V,K,V,15,A
298,0.1272,KA15W,K,W,15,A
299,0.3,KA15Y,K,Y,15,A
300,0.3091,EA16A,E,A,16,A
301,0.0463,EA16C,E,C,16,A
302,0.0737,EA16D,E,D,16,A
303,0.0,EA16E,E,E,16,A
304,0.3567,EA16F,E,F,16,A
305,0.6972,EA16G,E,G,16,A
306,0.3667,EA16H,E,H,16,A
307,0.4865,EA16I,E,I,16,A
308,0.4194,EA16K,E,K,16,A
309,0.3955,EA16L,E,L,16,A
310,0.3448,EA16M,E,M,16,A
311,0.3236,EA16N,E,N,16,A
312,1.4504,EA16P,E,P,16,A
313,0.2272,EA16Q,E,Q,16,A
314,0.5069,EA16R,E,R,16,A
315,0.243,EA16S,E,S,16,A
316,0.2785,EA16T,E,T,16,A
317,0.4583,EA16V,E,V,16,A
318,0.3653,EA16W,E,W,16,A
319,0.4103,EA16Y,E,Y,16,A
320,0.04,DA17A,D,A,17,A
321,0.1343,DA17C,D,C,17,A
322,0.0,DA17D,D,D,17,A
323,0.1313,DA17E,D,E,17,A
324,0.4292,DA17F,D,F,17,A
325,0.3526,DA17G,D,G,17,A
326,0.3989,DA17H,D,H,17,A
327,0.4917,DA17I,D,I,17,A
328,0.362,DA17K,D,K,17,A
329,0.3773,DA17L,D,L,17,A
330,0.3596,DA17M,D,M,17,A
331,0.4349,DA17N,D,N,17,A
332,0.1226,DA17P,D,P,17,A
333,0.3315,DA17Q,D,Q,17,A
334,0.4328,DA17R,D,R,17,A
335,0.0362,DA17S,D,S,17,A
336,0.3681,DA17T,D,T,17,A
337,0.4825,DA17V,D,V,17,A
338,0.3536,DA17W,D,W,17,A
339,0.4964,DA17Y,D,Y,17,A
340,2.6784,LA18A,L,A,18,A
341,2.1241,LA18C,L,C,18,A
342,3.0669,LA18D,L,D,18,A
343,2.5071,LA18E,L,E,18,A
344,1.6487,LA18F,L,F,18,A
345,2.5633,LA18G,L,G,18,A
346,3.3567,LA18H,L,H,18,A
347,1.2837,LA18I,L,I,18,A
348,3.178,LA18K,L,K,18,A
349,0.0,LA18L,L,L,18,A
350,1.578,LA18M,L,M,18,A
351,3.0874,LA18N,L,N,18,A
352,2.6294,LA18P,L,P,18,A
353,2.9613,LA18Q,L,Q,18,A
354,3.3533,LA18R,L,R,18,A
355,3.0187,LA18S,L,S,18,A
356,3.1383,LA18T,L,T,18,A
357,1.8032,LA18V,L,V,18,A
358,2.8369,LA18W,L,W,18,A
359,2.8388,LA18Y,L,Y,18,A
360,0.1453,KA19A,K,A,19,A
361,-0.1558,KA19C,K,C,19,A
362,0.4287,KA19D,K,D,19,A
363,0.1132,KA19E,K,E,19,A
364,0.1789,KA19F,K,F,19,A
365,0.6839,KA19G,K,G,19,A
366,0.1686,KA19H,K,H,19,A
367,0.1646,KA19I,K,I,19,A
368,0.0,KA19K,K,K,19,A
369,0.3228,KA19L,K,L,19,A
370,0.0823,KA19M,K,M,19,A
371,0.0647,KA19N,K,N,19,A
372,1.6271,KA19P,K,P,19,A
373,0.0424,KA19Q,K,Q,19,A
374,0.0904,KA19R,K,R,19,A
375,-0.1906,KA19S,K,S,19,A
376,-0.2668,KA19T,K,T,19,A
377,-0.0344,KA19V,K,V,19,A
378,0.188,KA19W,K,W,19,A
379,0.0885,KA19Y,K,Y,19,A
380,2.9861,FA20A,F,A,20,A
381,1.7921,FA20C,F,C,20,A
382,3.1437,FA20D,F,D,20,A
383,2.8051,FA20E,F,E,20,A
384,0.0,FA20F,F,F,20,A
385,2.4254,FA20G,F,G,20,A
386,2.3599,FA20H,F,H,20,A
387,2.2635,FA20I,F,I,20,A
388,3.0154,FA20K,F,K,20,A
389,1.9843,FA20L,F,L,20,A
390,2.0199,FA20M,F,M,20,A
391,2.805,FA20N,F,N,20,A
392,2.4558,FA20P,F,P,20,A
393,2.8499,FA20Q,F,Q,20,A
394,2.7438,FA20R,F,R,20,A
395,2.8122,FA20S,F,S,20,A
396,2.6809,FA20T,F,T,20,A
397,2.2302,FA20V,F,V,20,A
398,1.7472,FA20W,F,W,20,A
399,1.7622,FA20Y,F,Y,20,A
400,0.081,PA21A,P,A,21,A
401,0.1683,PA21C,P,C,21,A
402,0.3662,PA21D,P,D,21,A
403,0.2642,PA21E,P,E,21,A
404,0.4166,PA21F,P,F,21,A
405,0.4886,PA21G,P,G,21,A
406,0.4172,PA21H,P,H,21,A
407,0.3776,PA21I,P,I,21,A
408,0.369,PA21K,P,K,21,A
409,0.3056,PA21L,P,L,21,A
410,0.3972,PA21M,P,M,21,A
411,0.5958,PA21N,P,N,21,A
412,0.0,PA21P,P,P,21,A
413,0.3471,PA21Q,P,Q,21,A
414,0.4459,PA21R,P,R,21,A
415,0.2194,PA21S,P,S,21,A
416,0.4296,PA21T,P,T,21,A
417,0.3481,PA21V,P,V,21,A
418,0.4379,PA21W,P,W,21,A
419,0.5707,PA21Y,P,Y,21,A
420,-0.1023,RA22A,R,A,22,A
421,-0.184,RA22C,R,C,22,A
422,0.1064,RA22D,R,D,22,A
423,-0.015,RA22E,R,E,22,A
424,-0.0442,RA22F,R,F,22,A
425,0.213,RA22G,R,G,22,A
426,0.0044,RA22H,R,H,22,A
427,-0.1636,RA22I,R,I,22,A
428,-0.0495,RA22K,R,K,22,A
429,-0.0923,RA22L,R,L,22,A
430,-0.0056,RA22M,R,M,22,A
431,0.21,RA22N,R,N,22,A
432,-0.3871,RA22P,R,P,22,A
433,0.018,RA22Q,R,Q,22,A
434,0.0,RA22R,R,R,22,A
435,-0.0374,RA22S,R,S,22,A
436,0.1439,RA22T,R,T,22,A
437,-0.1528,RA22V,R,V,22,A
438,-0.1003,RA22W,R,W,22,A
439,-0.0027,RA22Y,R,Y,22,A
440,1.6266,GA23A,G,A,23,A
441,0.9581,GA23C,G,C,23,A
442,1.3031,GA23D,G,D,23,A
443,1.5274,GA23E,G,E,23,A
444,1.2532,GA23F,G,F,23,A
445,0.0,GA23G,G,G,23,A
446,1.3918,GA23H,G,H,23,A
447,1.9881,GA23I,G,I,23,A
448,1.8082,GA23K,G,K,23,A
449,1.6498,GA23L,G,L,23,A
450,1.6589,GA23M,G,M,23,A
451,1.0173,GA23N,G,N,23,A
452,2.0059,GA23P,G,P,23,A
453,1.7059,GA23Q,G,Q,23,A
454,1.9502,GA23R,G,R,23,A
455,1.2999,GA23S,G,S,23,A
456,1.5308,GA23T,G,T,23,A
457,2.0825,GA23V,G,V,23,A
458,1.4603,GA23W,G,W,23,A
459,1.4855,GA23Y,G,Y,23,A
460,0.4497,QA24A,Q,A,24,A
461,0.2948,QA24C,Q,C,24,A
462,1.0161,QA24D,Q,D,24,A
463,0.5175,QA24E,Q,E,24,A
464,0.4557,QA24F,Q,F,24,A
465,0.9937,QA24G,Q,G,24,A
466,0.5891,QA24H,Q,H,24,A
467,0.6294,QA24I,Q,I,24,A
468,0.4403,QA24K,Q,K,24,A
469,0.3799,QA24L,Q,L,24,A
470,0.217,QA24M,Q,M,24,A
471,0.7916,QA24N,Q,N,24,A
472,2.1211,QA24P,Q,P,24,A
473,0.0,QA24Q,Q,Q,24,A
474,0.411,QA24R,Q,R,24,A
475,0.7184,QA24S,Q,S,24,A
476,0.729,QA24T,Q,T,24,A
477,0.7341,QA24V,Q,V,24,A
478,0.5746,QA24W,Q,W,24,A
479,0.609,QA24Y,Q,Y,24,A
480,1.9459,GA25A,G,A,25,A
481,1.6916,GA25C,G,C,25,A
482,3.1066,GA25D,G,D,25,A
483,2.6553,GA25E,G,E,25,A
484,2.0466,GA25F,G,F,25,A
485,0.0,GA25G,G,G,25,A
486,2.5804,GA25H,G,H,25,A
487,2.1305,GA25I,G,I,25,A
488,2.5708,GA25K,G,K,25,A
489,1.8271,GA25L,G,L,25,A
490,2.169,GA25M,G,M,25,A
491,2.2952,GA25N,G,N,25,A
492,2.6176,GA25P,G,P,25,A
493,2.5193,GA25Q,G,Q,25,A
494,2.597,GA25R,G,R,25,A
495,2.3666,GA25S,G,S,25,A
496,2.6588,GA25T,G,T,25,A
497,2.5052,GA25V,G,V,25,A
498,2.5822,GA25W,G,W,25,A
499,2.5701,GA25Y,G,Y,25,A
500,1.9123,VA26A,V,A,26,A
501,1.323,VA26C,V,C,26,A
502,3.2621,VA26D,V,D,26,A
503,2.7625,VA26E,V,E,26,A
504,1.6227,VA26F,V,F,26,A
505,2.3671,VA26G,V,G,26,A
506,2.959,VA26H,V,H,26,A
507,0.1218,VA26I,V,I,26,A
508,2.5944,VA26K,V,K,26,A
509,0.7102,VA26L,V,L,26,A
510,1.2631,VA26M,V,M,26,A
511,2.7696,VA26N,V,N,26,A
512,1.9365,VA26P,V,P,26,A
513,2.6656,VA26Q,V,Q,26,A
514,2.7751,VA26R,V,R,26,A
515,2.4479,VA26S,V,S,26,A
516,1.9628,VA26T,V,T,26,A
517,0.0,VA26V,V,V,26,A
518,2.1776,VA26W,V,W,26,A
519,2.2165,VA26Y,V,Y,26,A
520,2.1873,PA27A,P,A,27,A
521,1.9225,PA27C,P,C,27,A
522,2.8329,PA27D,P,D,27,A
523,2.9601,PA27E,P,E,27,A
524,1.9984,PA27F,P,F,27,A
525,2.0726,PA27G,P,G,27,A
526,2.4351,PA27H,P,H,27,A
527,1.8353,PA27I,P,I,27,A
528,2.6668,PA27K,P,K,27,A
529,1.7709,PA27L,P,L,27,A
530,2.2451,PA27M,P,M,27,A
531,2.6705,PA27N,P,N,27,A
532,0.0,PA27P,P,P,27,A
533,2.6899,PA27Q,P,Q,27,A
534,2.4564,PA27R,P,R,27,A
535,2.5485,PA27S,P,S,27,A
536,2.9286,PA27T,P,T,27,A
537,2.2981,PA27V,P,V,27,A
538,2.634,PA27W,P,W,27,A
539,2.4466,PA27Y,P,Y,27,A
540,1.554,IA28A,I,A,28,A
541,0.8265,IA28C,I,C,28,A
542,1.8678,IA28D,I,D,28,A
543,1.5281,IA28E,I,E,28,A
544,0.9375,IA28F,I,F,28,A
545,2.0269,IA28G,I,G,28,A
546,1.6198,IA28H,I,H,28,A
547,0.0,IA28I,I,I,28,A
548,1.2306,IA28K,I,K,28,A
549,0.3619,IA28L,I,L,28,A
550,0.7225,IA28M,I,M,28,A
551,1.7121,IA28N,I,N,28,A
552,2.0166,IA28P,I,P,28,A
553,1.2596,IA28Q,I,Q,28,A
554,1.348,IA28R,I,R,28,A
555,1.6985,IA28S,I,S,28,A
556,1.3092,IA28T,I,T,28,A
557,0.0542,IA28V,I,V,28,A
558,1.1602,IA28W,I,W,28,A
559,1.0958,IA28Y,I,Y,28,A
560,1.0769,NA29A,N,A,29,A
561,0.2261,NA29C,N,C,29,A
562,0.184,NA29D,N,D,29,A
563,0.8689,NA29E,N,E,29,A
564,0.4209,NA29F,N,F,29,A
565,1.3203,NA29G,N,G,29,A
566,0.5789,NA29H,N,H,29,A
567,0.7375,NA29I,N,I,29,A
568,1.1314,NA29K,N,K,29,A
569,0.5584,NA29L,N,L,29,A
570,0.6407,NA29M,N,M,29,A
571,0.0,NA29N,N,N,29,A
572,1.8554,NA29P,N,P,29,A
573,0.8761,NA29Q,N,Q,29,A
574,1.0005,NA29R,N,R,29,A
575,0.592,NA29S,N,S,29,A
576,0.7957,NA29T,N,T,29,A
577,0.7685,NA29V,N,V,29,A
578,0.1377,NA29W,N,W,29,A
579,0.2815,NA29Y,N,Y,29,A
580,-0.0115,TA30A,T,A,30,A
581,-0.1045,TA30C,T,C,30,A
582,0.111,TA30D,T,D,30,A
583,0.1778,TA30E,T,E,30,A
584,0.126,TA30F,T,F,30,A
585,0.1182,TA30G,T,G,30,A
586,0.0962,TA30H,T,H,30,A
587,0.1959,TA30I,T,I,30,A
588,0.1721,TA30K,T,K,30,A
589,0.1912,TA30L,T,L,30,A
590,0.1351,TA30M,T,M,30,A
591,0.2163,TA30N,T,N,30,A
592,-0.1365,TA30P,T,P,30,A
593,0.2156,TA30Q,T,Q,30,A
594,0.251,TA30R,T,R,30,A
595,-0.0597,TA30S,T,S,30,A
596,0.0,TA30T,T,T,30,A
597,0.1548,TA30V,T,V,30,A
598,0.0125,TA30W,T,W,30,A
599,0.1827,TA30Y,T,Y,30,A
600,0.2026,NA31A,N,A,31,A
601,-0.1125,NA31C,N,C,31,A
602,0.1859,NA31D,N,D,31,A
603,0.1439,NA31E,N,E,31,A
604,0.0989,NA31F,N,F,31,A
605,0.391,NA31G,N,G,31,A
606,0.0302,NA31H,N,H,31,A
607,0.505,NA31I,N,I,31,A
608,0.3583,NA31K,N,K,31,A
609,0.2682,NA31L,N,L,31,A
610,0.1905,NA31M,N,M,31,A
611,0.0,NA31N,N,N,31,A
612,1.3372,NA31P,N,P,31,A
613,0.1841,NA31Q,N,Q,31,A
614,0.3458,NA31R,N,R,31,A
615,0.0812,NA31S,N,S,31,A
616,0.1008,NA31T,N,T,31,A
617,0.4675,NA31V,N,V,31,A
618,-0.1277,NA31W,N,W,31,A
619,0.066,NA31Y,N,Y,31,A
620,-0.2562,SA32A,S,A,32,A
621,-0.2515,SA32C,S,C,32,A
622,0.3519,SA32D,S,D,32,A
623,0.3503,SA32E,S,E,32,A
624,0.1338,SA32F,S,F,32,A
625,0.3863,SA32G,S,G,32,A
626,0.2982,SA32H,S,H,32,A
627,-0.1294,SA32I,S,I,32,A
628,0.6101,SA32K,S,K,32,A
629,-0.3863,SA32L,S,L,32,A
630,-0.2136,SA32M,S,M,32,A
631,0.4795,SA32N,S,N,32,A
632,1.0732,SA32P,S,P,32,A
633,0.3747,SA32Q,S,Q,32,A
634,0.4797,SA32R,S,R,32,A
635,0.0,SA32S,S,S,32,A
636,0.0775,SA32T,S,T,32,A
637,0.1471,SA32V,S,V,32,A
638,-0.0658,SA32W,S,W,32,A
639,0.1813,SA32Y,S,Y,32,A
640,0.3954,SA33A,S,A,33,A
641,0.1663,SA33C,S,C,33,A
642,0.5613,SA33D,S,D,33,A
643,0.5229,SA33E,S,E,33,A
644,0.5306,SA33F,S,F,33,A
645,0.5023,SA33G,S,G,33,A
646,0.3533,SA33H,S,H,33,A
647,0.5897,SA33I,S,I,33,A
648,0.2432,SA33K,S,K,33,A
649,0.4626,SA33L,S,L,33,A
650,0.3992,SA33M,S,M,33,A
651,0.1497,SA33N,S,N,33,A
652,1.3788,SA33P,S,P,33,A
653,0.2516,SA33Q,S,Q,33,A
654,0.2247,SA33R,S,R,33,A
655,0.0,SA33S,S,S,33,A
656,-0.1481,SA33T,S,T,33,A
657,0.4802,SA33V,S,V,33,A
658,0.6492,SA33W,S,W,33,A
659,0.7451,SA33Y,S,Y,33,A
660,0.1848,PA34A,P,A,34,A
661,0.1672,PA34C,P,C,34,A
662,0.6648,PA34D,P,D,34,A
663,0.5154,PA34E,P,E,34,A
664,0.3332,PA34F,P,F,34,A
665,0.6756,PA34G,P,G,34,A
666,0.3671,PA34H,P,H,34,A
667,-0.0269,PA34I,P,I,34,A
668,0.2696,PA34K,P,K,34,A
669,0.1144,PA34L,P,L,34,A
670,0.3726,PA34M,P,M,34,A
671,0.6563,PA34N,P,N,34,A
672,0.0,PA34P,P,P,34,A
673,0.3036,PA34Q,P,Q,34,A
674,0.2249,PA34R,P,R,34,A
675,0.4377,PA34S,P,S,34,A
676,0.3877,PA34T,P,T,34,A
677,0.0898,PA34V,P,V,34,A
678,0.425,PA34W,P,W,34,A
679,0.4831,PA34Y,P,Y,34,A
680,0.2116,DA35A,D,A,35,A
681,0.2552,DA35C,D,C,35,A
682,0.0,DA35D,D,D,35,A
683,0.0817,DA35E,D,E,35,A
684,0.5216,DA35F,D,F,35,A
685,0.3579,DA35G,D,G,35,A
686,0.4905,DA35H,D,H,35,A
687,0.6701,DA35I,D,I,35,A
688,0.4613,DA35K,D,K,35,A
689,0.4348,DA35L,D,L,35,A
690,0.5059,DA35M,D,M,35,A
691,0.5014,DA35N,D,N,35,A
692,0.8695,DA35P,D,P,35,A
693,0.3118,DA35Q,D,Q,35,A
694,0.5764,DA35R,D,R,35,A
695,0.3376,DA35S,D,S,35,A
696,0.5236,DA35T,D,T,35,A
697,0.7515,DA35V,D,V,35,A
698,0.4691,DA35W,D,W,35,A
699,0.5667,DA35Y,D,Y,35,A
700,1.247,DA36A,D,A,36,A
701,0.953,DA36C,D,C,36,A
702,0.0,DA36D,D,D,36,A
703,0.7207,DA36E,D,E,36,A
704,1.5045,DA36F,D,F,36,A
705,1.3517,DA36G,D,G,36,A
706,1.4095,DA36H,D,H,36,A
707,1.8562,DA36I,D,I,36,A
708,1.675,DA36K,D,K,36,A
709,1.5164,DA36L,D,L,36,A
710,1.4608,DA36M,D,M,36,A
711,0.7718,DA36N,D,N,36,A
712,2.5886,DA36P,D,P,36,A
713,0.9952,DA36Q,D,Q,36,A
714,1.6496,DA36R,D,R,36,A
715,0.9919,DA36S,D,S,36,A
716,1.2502,DA36T,D,T,36,A
717,2.0997,DA36V,D,V,36,A
718,1.64,DA36W,D,W,36,A
719,1.6238,DA36Y,D,Y,36,A
720,0.2983,QA37A,Q,A,37,A
721,0.3399,QA37C,Q,C,37,A
722,0.8819,QA37D,Q,D,37,A
723,0.649,QA37E,Q,E,37,A
724,0.7718,QA37F,Q,F,37,A
725,1.015,QA37G,Q,G,37,A
726,0.7151,QA37H,Q,H,37,A
727,0.7519,QA37I,Q,I,37,A
728,0.404,QA37K,Q,K,37,A
729,0.3227,QA37L,Q,L,37,A
730,0.2033,QA37M,Q,M,37,A
731,0.6355,QA37N,Q,N,37,A
732,2.6246,QA37P,Q,P,37,A
733,0.0,QA37Q,Q,Q,37,A
734,0.4235,QA37R,Q,R,37,A
735,0.6068,QA37S,Q,S,37,A
736,0.5292,QA37T,Q,T,37,A
737,0.9371,QA37V,Q,V,37,A
738,0.8993,QA37W,Q,W,37,A
739,0.8713,QA37Y,Q,Y,37,A
740,1.3367,IA38A,I,A,38,A
741,1.085,IA38C,I,C,38,A
742,2.4375,IA38D,I,D,38,A
743,1.9051,IA38E,I,E,38,A
744,1.005,IA38F,I,F,38,A
745,1.8674,IA38G,I,G,38,A
746,1.4662,IA38H,I,H,38,A
747,0.0,IA38I,I,I,38,A
748,1.4703,IA38K,I,K,38,A
749,0.5246,IA38L,I,L,38,A
750,0.9238,IA38M,I,M,38,A
751,1.9935,IA38N,I,N,38,A
752,2.0837,IA38P,I,P,38,A
753,1.6654,IA38Q,I,Q,38,A
754,1.2406,IA38R,I,R,38,A
755,1.8131,IA38S,I,S,38,A
756,1.5404,IA38T,I,T,38,A
757,0.7403,IA38V,I,V,38,A
758,1.1597,IA38W,I,W,38,A
759,1.1592,IA38Y,I,Y,38,A
760,2.4226,GA39A,G,A,39,A
761,1.9867,GA39C,G,C,39,A
762,3.3617,GA39D,G,D,39,A
763,2.9107,GA39E,G,E,39,A
764,2.3128,GA39F,G,F,39,A
765,0.0,GA39G,G,G,39,A
766,2.8529,GA39H,G,H,39,A
767,2.5764,GA39I,G,I,39,A
768,2.8807,GA39K,G,K,39,A
769,2.3019,GA39L,G,L,39,A
770,2.5737,GA39M,G,M,39,A
771,2.3969,GA39N,G,N,39,A
772,2.9264,GA39P,G,P,39,A
773,2.8633,GA39Q,G,Q,39,A
774,2.9262,GA39R,G,R,39,A
775,2.5052,GA39S,G,S,39,A
776,2.7984,GA39T,G,T,39,A
777,2.8325,GA39V,G,V,39,A
778,2.8808,GA39W,G,W,39,A
779,2.7735,GA39Y,G,Y,39,A
780,2.381,YA40A,Y,A,40,A
781,1.5625,YA40C,Y,C,40,A
782,2.5854,YA40D,Y,D,40,A
783,2.5488,YA40E,Y,E,40,A
784,0.6838,YA40F,Y,F,40,A
785,2.3269,YA40G,Y,G,40,A
786,1.8529,YA40H,Y,H,40,A
787,1.9153,YA40I,Y,I,40,A
788,2.0206,YA40K,Y,K,40,A
789,1.7992,YA40L,Y,L,40,A
790,1.7942,YA40M,Y,M,40,A
791,2.3533,YA40N,Y,N,40,A
792,2.6974,YA40P,Y,P,40,A
793,2.2677,YA40Q,Y,Q,40,A
794,2.1034,YA40R,Y,R,40,A
795,2.2771,YA40S,Y,S,40,A
796,2.3092,YA40T,Y,T,40,A
797,2.0001,YA40V,Y,V,40,A
798,0.9653,YA40W,Y,W,40,A
799,0.0,YA40Y,Y,Y,40,A
800,3.2629,YA41A,Y,A,41,A
801,2.3258,YA41C,Y,C,41,A
802,3.5034,YA41D,Y,D,41,A
803,3.675,YA41E,Y,E,41,A
804,1.0539,YA41F,Y,F,41,A
805,3.721,YA41G,Y,G,41,A
806,2.5797,YA41H,Y,H,41,A
807,2.7753,YA41I,Y,I,41,A
808,3.2308,YA41K,Y,K,41,A
809,2.6555,YA41L,Y,L,41,A
810,2.6333,YA41M,Y,M,41,A
811,3.4528,YA41N,Y,N,41,A
812,3.5416,YA41P,Y,P,41,A
813,3.5292,YA41Q,Y,Q,41,A
814,3.1378,YA41R,Y,R,41,A
815,3.3894,YA41S,Y,S,41,A
816,3.4941,YA41T,Y,T,41,A
817,3.0175,YA41V,Y,V,41,A
818,0.8203,YA41W,Y,W,41,A
819,0.0,YA41Y,Y,Y,41,A
820,0.6439,RA42A,R,A,42,A
821,0.2157,RA42C,R,C,42,A
822,2.2427,RA42D,R,D,42,A
823,1.3388,RA42E,R,E,42,A
824,0.3135,RA42F,R,F,42,A
825,1.5494,RA42G,R,G,42,A
826,0.9269,RA42H,R,H,42,A
827,-0.5786,RA42I,R,I,42,A
828,0.2351,RA42K,R,K,42,A
829,-0.6704,RA42L,R,L,42,A
830,-0.1809,RA42M,R,M,42,A
831,1.3526,RA42N,R,N,42,A
832,2.2348,RA42P,R,P,42,A
833,0.5801,RA42Q,R,Q,42,A
834,0.0,RA42R,R,R,42,A
835,1.0665,RA42S,R,S,42,A
836,1.1569,RA42T,R,T,42,A
837,-0.3854,RA42V,R,V,42,A
838,0.5001,RA42W,R,W,42,A
839,0.3827,RA42Y,R,Y,42,A
840,1.6404,RA43A,R,A,43,A
841,1.187,RA43C,R,C,43,A
842,2.9378,RA43D,R,D,43,A
843,2.0421,RA43E,R,E,43,A
844,0.9678,RA43F,R,F,43,A
845,2.0857,RA43G,R,G,43,A
846,1.3439,RA43H,R,H,43,A
847,0.9479,RA43I,R,I,43,A
848,0.2543,RA43K,R,K,43,A
849,0.5147,RA43L,R,L,43,A
850,0.6361,RA43M,R,M,43,A
851,1.9966,RA43N,R,N,43,A
852,2.7643,RA43P,R,P,43,A
853,0.9447,RA43Q,R,Q,43,A
854,0.0,RA43R,R,R,43,A
855,1.8011,RA43S,R,S,43,A
856,1.9727,RA43T,R,T,43,A
857,1.1891,RA43V,R,V,43,A
858,1.3244,RA43W,R,W,43,A
859,1.1273,RA43Y,R,Y,43,A
860,0.0,AA44A,A,A,44,A
861,-0.1252,AA44C,A,C,44,A
862,0.7561,AA44D,A,D,44,A
863,0.1239,AA44E,A,E,44,A
864,0.1165,AA44F,A,F,44,A
865,1.1385,AA44G,A,G,44,A
866,0.397,AA44H,A,H,44,A
867,0.0773,AA44I,A,I,44,A
868,0.3337,AA44K,A,K,44,A
869,0.2438,AA44L,A,L,44,A
870,0.1064,AA44M,A,M,44,A
871,0.6265,AA44N,A,N,44,A
872,2.3403,AA44P,A,P,44,A
873,0.0402,AA44Q,A,Q,44,A
874,0.3016,AA44R,A,R,44,A
875,0.085,AA44S,A,S,44,A
876,-0.0013,AA44T,A,T,44,A
877,-0.0553,AA44V,A,V,44,A
878,0.1723,AA44W,A,W,44,A
879,0.1056,AA44Y,A,Y,44,A
880,0.6951,TA45A,T,A,45,A
881,0.2386,TA45C,T,C,45,A
882,0.6711,TA45D,T,D,45,A
883,0.6694,TA45E,T,E,45,A
884,0.3625,TA45F,T,F,45,A
885,0.7667,TA45G,T,G,45,A
886,0.4204,TA45H,T,H,45,A
887,0.6563,TA45I,T,I,45,A
888,0.6209,TA45K,T,K,45,A
889,0.7453,TA45L,T,L,45,A
890,0.6305,TA45M,T,M,45,A
891,0.5805,TA45N,T,N,45,A
892,1.3249,TA45P,T,P,45,A
893,0.602,TA45Q,T,Q,45,A
894,0.7118,TA45R,T,R,45,A
895,0.2843,TA45S,T,S,45,A
896,0.0,TA45T,T,T,45,A
897,0.5266,TA45V,T,V,45,A
898,0.3654,TA45W,T,W,45,A
899,0.354,TA45Y,T,Y,45,A
900,-0.0839,RA46A,R,A,46,A
901,-0.4458,RA46C,R,C,46,A
902,0.1327,RA46D,R,D,46,A
903,-0.0029,RA46E,R,E,46,A
904,-0.1885,RA46F,R,F,46,A
905,0.528,RA46G,R,G,46,A
906,-0.149,RA46H,R,H,46,A
907,0.0477,RA46I,R,I,46,A
908,0.1397,RA46K,R,K,46,A
909,0.0539,RA46L,R,L,46,A
910,-0.1649,RA46M,R,M,46,A
911,0.1425,RA46N,R,N,46,A
912,1.3411,RA46P,R,P,46,A
913,-0.0788,RA46Q,R,Q,46,A
914,0.0,RA46R,R,R,46,A
915,-0.1394,RA46S,R,S,46,A
916,-0.0536,RA46T,R,T,46,A
917,0.0943,RA46V,R,V,46,A
918,-0.4165,RA46W,R,W,46,A
919,-0.3369,RA46Y,R,Y,46,A
920,0.4609,RA47A,R,A,47,A
921,0.1411,RA47C,R,C,47,A
922,1.3333,RA47D,R,D,47,A
923,0.918,RA47E,R,E,47,A
924,0.2962,RA47F,R,F,47,A
925,0.9274,RA47G,R,G,47,A
926,0.2364,RA47H,R,H,47,A
927,0.5325,RA47I,R,I,47,A
928,0.2362,RA47K,R,K,47,A
929,0.4863,RA47L,R,L,47,A
930,0.3201,RA47M,R,M,47,A
931,0.5697,RA47N,R,N,47,A
932,1.6498,RA47P,R,P,47,A
933,0.3051,RA47Q,R,Q,47,A
934,0.0,RA47R,R,R,47,A
935,0.3487,RA47S,R,S,47,A
936,0.5274,RA47T,R,T,47,A
937,0.5286,RA47V,R,V,47,A
938,0.2076,RA47W,R,W,47,A
939,0.2626,RA47Y,R,Y,47,A
940,0.6892,IA48A,I,A,48,A
941,0.1993,IA48C,I,C,48,A
942,1.1958,IA48D,I,D,48,A
943,0.4812,IA48E,I,E,48,A
944,0.0522,IA48F,I,F,48,A
945,1.2376,IA48G,I,G,48,A
946,0.5824,IA48H,I,H,48,A
947,0.0,IA48I,I,I,48,A
948,0.6196,IA48K,I,K,48,A
949,0.2971,IA48L,I,L,48,A
950,0.3454,IA48M,I,M,48,A
951,0.9994,IA48N,I,N,48,A
952,1.8534,IA48P,I,P,48,A
953,0.5118,IA48Q,I,Q,48,A
954,0.5184,IA48R,I,R,48,A
955,0.8055,IA48S,I,S,48,A
956,0.6058,IA48T,I,T,48,A
957,0.1361,IA48V,I,V,48,A
958,0.0692,IA48W,I,W,48,A
959,0.0608,IA48Y,I,Y,48,A
960,0.5407,RA49A,R,A,49,A
961,-0.1204,RA49C,R,C,49,A
962,1.0326,RA49D,R,D,49,A
963,0.6841,RA49E,R,E,49,A
964,-0.0089,RA49F,R,F,49,A
965,1.0245,RA49G,R,G,49,A
966,0.1683,RA49H,R,H,49,A
967,-0.3824,RA49I,R,I,49,A
968,0.1028,RA49K,R,K,49,A
969,-0.1796,RA49L,R,L,49,A
970,-0.1226,RA49M,R,M,49,A
971,0.6273,RA49N,R,N,49,A
972,0.63,RA49P,R,P,49,A
973,0.3505,RA49Q,R,Q,49,A
974,0.0,RA49R,R,R,49,A
975,0.5568,RA49S,R,S,49,A
976,0.2728,RA49T,R,T,49,A
977,-0.2036,RA49V,R,V,49,A
978,-0.3844,RA49W,R,W,49,A
979,-0.1981,RA49Y,R,Y,49,A
980,0.414,GA50A,G,A,50,A
981,0.6629,GA50C,G,C,50,A
982,0.8167,GA50D,G,D,50,A
983,1.2981,GA50E,G,E,50,A
984,1.3502,GA50F,G,F,50,A
985,0.0,GA50G,G,G,50,A
986,1.23,GA50H,G,H,50,A
987,1.4604,GA50I,G,I,50,A
988,1.5258,GA50K,G,K,50,A
989,1.4139,GA50L,G,L,50,A
990,1.3341,GA50M,G,M,50,A
991,1.0179,GA50N,G,N,50,A
992,1.0858,GA50P,G,P,50,A
993,1.2159,GA50Q,G,Q,50,A
994,1.6181,GA50R,G,R,50,A
995,0.7173,GA50S,G,S,50,A
996,1.0844,GA50T,G,T,50,A
997,1.6512,GA50V,G,V,50,A
998,1.2244,GA50W,G,W,50,A
999,1.214,GA50Y,G,Y,50,A
1000,-0.0982,GA51A,G,A,51,A
1001,-0.0147,GA51C,G,C,51,A
1002,-0.0638,GA51D,G,D,51,A
1003,-0.0748,GA51E,G,E,51,A
1004,0.1602,GA51F,G,F,51,A
1005,0.0,GA51G,G,G,51,A
1006,0.0551,GA51H,G,H,51,A
1007,0.134,GA51I,G,I,51,A
1008,0.0456,GA51K,G,K,51,A
1009,0.0002,GA51L,G,L,51,A
1010,0.1535,GA51M,G,M,51,A
1011,0.0649,GA51N,G,N,51,A
1012,-0.1777,GA51P,G,P,51,A
1013,0.0749,GA51Q,G,Q,51,A
1014,0.1488,GA51R,G,R,51,A
1015,-0.0099,GA51S,G,S,51,A
1016,0.2956,GA51T,G,T,51,A
1017,0.1954,GA51V,G,V,51,A
1018,0.1389,GA51W,G,W,51,A
1019,0.2152,GA51Y,G,Y,51,A
1020,1.1491,DA52A,D,A,52,A
1021,0.5984,DA52C,D,C,52,A
1022,0.0,DA52D,D,D,52,A
1023,1.0288,DA52E,D,E,52,A
1024,1.297,DA52F,D,F,52,A
1025,1.0869,DA52G,D,G,52,A
1026,1.128,DA52H,D,H,52,A
1027,1.4557,DA52I,D,I,52,A
1028,1.4473,DA52K,D,K,52,A
1029,1.2632,DA52L,D,L,52,A
1030,1.0867,DA52M,D,M,52,A
1031,0.5953,DA52N,D,N,52,A
1032,1.5165,DA52P,D,P,52,A
1033,1.2067,DA52Q,D,Q,52,A
1034,1.4966,DA52R,D,R,52,A
1035,0.7566,DA52S,D,S,52,A
1036,1.0974,DA52T,D,T,52,A
1037,1.5537,DA52V,D,V,52,A
1038,1.0225,DA52W,D,W,52,A
1039,1.0574,DA52Y,D,Y,52,A
1040,1.4359,GA53A,G,A,53,A
1041,0.8649,GA53C,G,C,53,A
1042,1.2378,GA53D,G,D,53,A
1043,1.3689,GA53E,G,E,53,A
1044,1.3623,GA53F,G,F,53,A
1045,0.0,GA53G,G,G,53,A
1046,1.3701,GA53H,G,H,53,A
1047,1.8349,GA53I,G,I,53,A
1048,1.434,GA53K,G,K,53,A
1049,1.3854,GA53L,G,L,53,A
1050,1.3377,GA53M,G,M,53,A
1051,1.047,GA53N,G,N,53,A
1052,1.9704,GA53P,G,P,53,A
1053,1.4276,GA53Q,G,Q,53,A
1054,1.6264,GA53R,G,R,53,A
1055,1.2905,GA53S,G,S,53,A
1056,1.5909,GA53T,G,T,53,A
1057,1.9701,GA53V,G,V,53,A
1058,1.4972,GA53W,G,W,53,A
1059,1.4458,GA53Y,G,Y,53,A
1060,0.2395,KA54A,K,A,54,A
1061,0.0505,KA54C,K,C,54,A
1062,0.4122,KA54D,K,D,54,A
1063,0.322,KA54E,K,E,54,A
1064,0.3812,KA54F,K,F,54,A
1065,0.4176,KA54G,K,G,54,A
1066,0.1991,KA54H,K,H,54,A
1067,0.465,KA54I,K,I,54,A
1068,0.0,KA54K,K,K,54,A
1069,0.2503,KA54L,K,L,54,A
1070,0.1422,KA54M,K,M,54,A
1071,0.1197,KA54N,K,N,54,A
1072,1.4707,KA54P,K,P,54,A
1073,0.1283,KA54Q,K,Q,54,A
1074,0.0649,KA54R,K,R,54,A
1075,0.109,KA54S,K,S,54,A
1076,0.0556,KA54T,K,T,54,A
1077,0.4536,KA54V,K,V,54,A
1078,0.4309,KA54W,K,W,54,A
1079,0.4401,KA54Y,K,Y,54,A
1080,0.6231,MA55A,M,A,55,A
1081,-0.0069,MA55C,M,C,55,A
1082,0.7025,MA55D,M,D,55,A
1083,0.5216,MA55E,M,E,55,A
1084,-0.1245,MA55F,M,F,55,A
1085,0.921,MA55G,M,G,55,A
1086,0.3199,MA55H,M,H,55,A
1087,0.244,MA55I,M,I,55,A
1088,0.8569,MA55K,M,K,55,A
1089,0.1935,MA55L,M,L,55,A
1090,0.0,MA55M,M,M,55,A
1091,0.6989,MA55N,M,N,55,A
1092,0.8326,MA55P,M,P,55,A
1093,0.6346,MA55Q,M,Q,55,A
1094,0.7841,MA55R,M,R,55,A
1095,0.6991,MA55S,M,S,55,A
1096,0.5844,MA55T,M,T,55,A
1097,0.3935,MA55V,M,V,55,A
1098,-0.7418,MA55W,M,W,55,A
1099,-0.2269,MA55Y,M,Y,55,A
1100,0.4857,KA56A,K,A,56,A
1101,-0.0548,KA56C,K,C,56,A
1102,1.1354,KA56D,K,D,56,A
1103,0.7058,KA56E,K,E,56,A
1104,-0.0197,KA56F,K,F,56,A
1105,1.2058,KA56G,K,G,56,A
1106,0.1372,KA56H,K,H,56,A
1107,-0.246,KA56I,K,I,56,A
1108,0.0,KA56K,K,K,56,A
1109,0.0818,KA56L,K,L,56,A
1110,0.1912,KA56M,K,M,56,A
1111,0.65,KA56N,K,N,56,A
1112,1.4069,KA56P,K,P,56,A
1113,0.2819,KA56Q,K,Q,56,A
1114,0.031,KA56R,K,R,56,A
1115,0.492,KA56S,K,S,56,A
1116,0.191,KA56T,K,T,56,A
1117,-0.2061,KA56V,K,V,56,A
1118,-0.1631,KA56W,K,W,56,A
1119,-0.1122,KA56Y,K,Y,56,A
1120,0.1552,DA57A,D,A,57,A
1121,-0.1302,DA57C,D,C,57,A
1122,0.0,DA57D,D,D,57,A
1123,0.0802,DA57E,D,E,57,A
1124,-0.0,DA57F,D,F,57,A
1125,0.3324,DA57G,D,G,57,A
1126,0.0041,DA57H,D,H,57,A
1127,0.193,DA57I,D,I,57,A
1128,0.1975,DA57K,D,K,57,A
1129,0.0809,DA57L,D,L,57,A
1130,0.0534,DA57M,D,M,57,A
1131,0.2389,DA57N,D,N,57,A
1132,0.2786,DA57P,D,P,57,A
1133,0.1802,DA57Q,D,Q,57,A
1134,0.3085,DA57R,D,R,57,A
1135,0.2118,DA57S,D,S,57,A
1136,0.3602,DA57T,D,T,57,A
1137,0.1938,DA57V,D,V,57,A
1138,-0.3135,DA57W,D,W,57,A
1139,-0.1001,DA57Y,D,Y,57,A
1140,0.976,LA58A,L,A,58,A
1141,0.4861,LA58C,L,C,58,A
1142,1.5511,LA58D,L,D,58,A
1143,1.1021,LA58E,L,E,58,A
1144,0.5317,LA58F,L,F,58,A
1145,1.5726,LA58G,L,G,58,A
1146,1.0749,LA58H,L,H,58,A
1147,0.5624,LA58I,L,I,58,A
1148,0.9421,LA58K,L,K,58,A
1149,0.0,LA58L,L,L,58,A
1150,0.2592,LA58M,L,M,58,A
1151,1.384,LA58N,L,N,58,A
1152,2.2009,LA58P,L,P,58,A
1153,0.6433,LA58Q,L,Q,58,A
1154,0.9281,LA58R,L,R,58,A
1155,1.2407,LA58S,L,S,58,A
1156,1.0546,LA58T,L,T,58,A
1157,0.7348,LA58V,L,V,58,A
1158,0.9764,LA58W,L,W,58,A
1159,1.1779,LA58Y,L,Y,58,A
1160,-0.0468,SA59A,S,A,59,A
1161,0.0466,SA59C,S,C,59,A
1162,0.0189,SA59D,S,D,59,A
1163,0.2878,SA59E,S,E,59,A
1164,0.3437,SA59F,S,F,59,A
1165,0.3205,SA59G,S,G,59,A
1166,0.2154,SA59H,S,H,59,A
1167,0.5548,SA59I,S,I,59,A
1168,0.2909,SA59K,S,K,59,A
1169,0.3149,SA59L,S,L,59,A
1170,0.3522,SA59M,S,M,59,A
1171,0.2008,SA59N,S,N,59,A
1172,-0.1191,SA59P,S,P,59,A
1173,0.4246,SA59Q,S,Q,59,A
1174,0.4293,SA59R,S,R,59,A
1175,0.0,SA59S,S,S,59,A
1176,0.5005,SA59T,S,T,59,A
1177,0.5574,SA59V,S,V,59,A
1178,0.2812,SA59W,S,W,59,A
1179,0.2237,SA59Y,S,Y,59,A
1180,0.3917,PA60A,P,A,60,A
1181,0.4814,PA60C,P,C,60,A
1182,0.9463,PA60D,P,D,60,A
1183,0.9721,PA60E,P,E,60,A
1184,0.7216,PA60F,P,F,60,A
1185,0.9501,PA60G,P,G,60,A
1186,0.9106,PA60H,P,H,60,A
1187,0.7587,PA60I,P,I,60,A
1188,1.0267,PA60K,P,K,60,A
1189,0.7547,PA60L,P,L,60,A
1190,0.8514,PA60M,P,M,60,A
1191,1.1914,PA60N,P,N,60,A
1192,0.0,PA60P,P,P,60,A
1193,1.1387,PA60Q,P,Q,60,A
1194,1.096,PA60R,P,R,60,A
1195,0.7266,PA60S,P,S,60,A
1196,1.0205,PA60T,P,T,60,A
1197,0.7577,PA60V,P,V,60,A
1198,0.7815,PA60W,P,W,60,A
1199,0.7856,PA60Y,P,Y,60,A
1200,0.9126,RA61A,R,A,61,A
1201,0.3663,RA61C,R,C,61,A
1202,1.7658,RA61D,R,D,61,A
1203,0.9015,RA61E,R,E,61,A
1204,0.3474,RA61F,R,F,61,A
1205,1.6499,RA61G,R,G,61,A
1206,0.5824,RA61H,R,H,61,A
1207,0.149,RA61I,R,I,61,A
1208,0.1001,RA61K,R,K,61,A
1209,0.2502,RA61L,R,L,61,A
1210,0.3211,RA61M,R,M,61,A
1211,1.0112,RA61N,R,N,61,A
1212,2.5541,RA61P,R,P,61,A
1213,0.3476,RA61Q,R,Q,61,A
1214,0.0,RA61R,R,R,61,A
1215,0.7404,RA61S,R,S,61,A
1216,0.4037,RA61T,R,T,61,A
1217,0.1491,RA61V,R,V,61,A
1218,0.5221,RA61W,R,W,61,A
1219,0.4212,RA61Y,R,Y,61,A
1220,2.4146,WA62A,W,A,62,A
1221,1.5623,WA62C,W,C,62,A
1222,2.6951,WA62D,W,D,62,A
1223,2.7083,WA62E,W,E,62,A
1224,0.8378,WA62F,W,F,62,A
1225,2.7044,WA62G,W,G,62,A
1226,1.6711,WA62H,W,H,62,A
1227,1.76,WA62I,W,I,62,A
1228,2.7186,WA62K,W,K,62,A
1229,1.9743,WA62L,W,L,62,A
1230,1.6843,WA62M,W,M,62,A
1231,2.4276,WA62N,W,N,62,A
1232,2.2513,WA62P,W,P,62,A
1233,2.6949,WA62Q,W,Q,62,A
1234,2.3829,WA62R,W,R,62,A
1235,2.4852,WA62S,W,S,62,A
1236,2.2391,WA62T,W,T,62,A
1237,2.1167,WA62V,W,V,62,A
1238,0.0,WA62W,W,W,62,A
1239,0.4312,WA62Y,W,Y,62,A
1240,1.8394,YA63A,Y,A,63,A
1241,0.8307,YA63C,Y,C,63,A
1242,2.0991,YA63D,Y,D,63,A
1243,1.3209,YA63E,Y,E,63,A
1244,-0.0212,YA63F,Y,F,63,A
1245,1.9755,YA63G,Y,G,63,A
1246,1.1139,YA63H,Y,H,63,A
1247,1.1656,YA63I,Y,I,63,A
1248,1.273,YA63K,Y,K,63,A
1249,0.7135,YA63L,Y,L,63,A
1250,0.9914,YA63M,Y,M,63,A
1251,1.5368,YA63N,Y,N,63,A
1252,3.5733,YA63P,Y,P,63,A
1253,1.3789,YA63Q,Y,Q,63,A
1254,1.3947,YA63R,Y,R,63,A
1255,1.5091,YA63S,Y,S,63,A
1256,1.2663,YA63T,Y,T,63,A
1257,1.1236,YA63V,Y,V,63,A
1258,0.4154,YA63W,Y,W,63,A
1259,0.0,YA63Y,Y,Y,63,A
1260,2.5937,FA64A,F,A,64,A
1261,1.7119,FA64C,F,C,64,A
1262,3.5381,FA64D,F,D,64,A
1263,2.9282,FA64E,F,E,64,A
1264,0.0,FA64F,F,F,64,A
1265,2.6055,FA64G,F,G,64,A
1266,2.2023,FA64H,F,H,64,A
1267,1.7213,FA64I,F,I,64,A
1268,2.7758,FA64K,F,K,64,A
1269,1.6807,FA64L,F,L,64,A
1270,1.8418,FA64M,F,M,64,A
1271,3.0678,FA64N,F,N,64,A
1272,2.017,FA64P,F,P,64,A
1273,2.7301,FA64Q,F,Q,64,A
1274,2.4744,FA64R,F,R,64,A
1275,2.9992,FA64S,F,S,64,A
1276,2.9585,FA64T,F,T,64,A
1277,1.9316,FA64V,F,V,64,A
1278,1.1597,FA64W,F,W,64,A
1279,1.0321,FA64Y,F,Y,64,A
1280,3.2284,YA65A,Y,A,65,A
1281,2.151,YA65C,Y,C,65,A
1282,3.2331,YA65D,Y,D,65,A
1283,3.6101,YA65E,Y,E,65,A
1284,0.9,YA65F,Y,F,65,A
1285,3.4296,YA65G,Y,G,65,A
1286,2.3241,YA65H,Y,H,65,A
1287,2.7328,YA65I,Y,I,65,A
1288,3.1871,YA65K,Y,K,65,A
1289,2.7852,YA65L,Y,L,65,A
1290,2.7675,YA65M,Y,M,65,A
1291,3.1152,YA65N,Y,N,65,A
1292,3.8084,YA65P,Y,P,65,A
1293,3.4945,YA65Q,Y,Q,65,A
1294,3.1933,YA65R,Y,R,65,A
1295,2.9961,YA65S,Y,S,65,A
1296,2.876,YA65T,Y,T,65,A
1297,2.8171,YA65V,Y,V,65,A
1298,0.7852,YA65W,Y,W,65,A
1299,0.0,YA65Y,Y,Y,65,A
1300,2.1397,YA66A,Y,A,66,A
1301,1.5649,YA66C,Y,C,66,A
1302,2.551,YA66D,Y,D,66,A
1303,2.7141,YA66E,Y,E,66,A
1304,0.7715,YA66F,Y,F,66,A
1305,2.6119,YA66G,Y,G,66,A
1306,2.0341,YA66H,Y,H,66,A
1307,1.9125,YA66I,Y,I,66,A
1308,2.4024,YA66K,Y,K,66,A
1309,1.7889,YA66L,Y,L,66,A
1310,1.8459,YA66M,Y,M,66,A
1311,2.6596,YA66N,Y,N,66,A
1312,2.0851,YA66P,Y,P,66,A
1313,2.6421,YA66Q,Y,Q,66,A
1314,2.509,YA66R,Y,R,66,A
1315,2.4039,YA66S,Y,S,66,A
1316,2.5764,YA66T,Y,T,66,A
1317,2.0265,YA66V,Y,V,66,A
1318,0.8442,YA66W,Y,W,66,A
1319,0.0,YA66Y,Y,Y,66,A
1320,1.4612,LA67A,L,A,67,A
1321,0.8212,LA67C,L,C,67,A
1322,1.802,LA67D,L,D,67,A
1323,1.6641,LA67E,L,E,67,A
1324,0.1641,LA67F,L,F,67,A
1325,1.6592,LA67G,L,G,67,A
1326,0.9738,LA67H,L,H,67,A
1327,0.5617,LA67I,L,I,67,A
1328,1.3903,LA67K,L,K,67,A
1329,0.0,LA67L,L,L,67,A
1330,0.7452,LA67M,L,M,67,A
1331,1.5359,LA67N,L,N,67,A
1332,1.6618,LA67P,L,P,67,A
1333,1.5221,LA67Q,L,Q,67,A
1334,1.3674,LA67R,L,R,67,A
1335,1.7064,LA67S,L,S,67,A
1336,1.6834,LA67T,L,T,67,A
1337,1.0649,LA67V,L,V,67,A
1338,0.3836,LA67W,L,W,67,A
1339,0.1279,LA67Y,L,Y,67,A
1340,2.243,GA68A,G,A,68,A
1341,1.7547,GA68C,G,C,68,A
1342,3.129,GA68D,G,D,68,A
1343,2.6991,GA68E,G,E,68,A
1344,2.0619,GA68F,G,F,68,A
1345,0.0,GA68G,G,G,68,A
1346,2.4406,GA68H,G,H,68,A
1347,2.3568,GA68I,G,I,68,A
1348,2.3646,GA68K,G,K,68,A
1349,1.9378,GA68L,G,L,68,A
1350,2.2977,GA68M,G,M,68,A
1351,2.0734,GA68N,G,N,68,A
1352,3.0466,GA68P,G,P,68,A
1353,2.4932,GA68Q,G,Q,68,A
1354,2.4093,GA68R,G,R,68,A
1355,2.1923,GA68S,G,S,68,A
1356,2.4056,GA68T,G,T,68,A
1357,2.568,GA68V,G,V,68,A
1358,2.5781,GA68W,G,W,68,A
1359,2.4798,GA68Y,G,Y,68,A
1360,0.8839,TA69A,T,A,69,A
1361,0.5983,TA69C,T,C,69,A
1362,0.8161,TA69D,T,D,69,A
1363,1.1708,TA69E,T,E,69,A
1364,0.904,TA69F,T,F,69,A
1365,1.0567,TA69G,T,G,69,A
1366,1.0115,TA69H,T,H,69,A
1367,1.0064,TA69I,T,I,69,A
1368,0.9945,TA69K,T,K,69,A
1369,0.8961,TA69L,T,L,69,A
1370,0.9548,TA69M,T,M,69,A
1371,0.621,TA69N,T,N,69,A
1372,2.2551,TA69P,T,P,69,A
1373,0.6275,TA69Q,T,Q,69,A
1374,0.8119,TA69R,T,R,69,A
1375,0.2804,TA69S,T,S,69,A
1376,0.0,TA69T,T,T,69,A
1377,1.0331,TA69V,T,V,69,A
1378,1.1626,TA69W,T,W,69,A
1379,1.0409,TA69Y,T,Y,69,A
1380,2.0892,GA70A,G,A,70,A
1381,1.8007,GA70C,G,C,70,A
1382,2.822,GA70D,G,D,70,A
1383,2.5076,GA70E,G,E,70,A
1384,2.0914,GA70F,G,F,70,A
1385,0.0,GA70G,G,G,70,A
1386,2.5801,GA70H,G,H,70,A
1387,1.9727,GA70I,G,I,70,A
1388,2.5724,GA70K,G,K,70,A
1389,1.8038,GA70L,G,L,70,A
1390,2.394,GA70M,G,M,70,A
1391,2.1657,GA70N,G,N,70,A
1392,2.769,GA70P,G,P,70,A
1393,2.4539,GA70Q,G,Q,70,A
1394,2.645,GA70R,G,R,70,A
1395,2.253,GA70S,G,S,70,A
1396,2.288,GA70T,G,T,70,A
1397,2.4145,GA70V,G,V,70,A
1398,2.7147,GA70W,G,W,70,A
1399,2.5637,GA70Y,G,Y,70,A
1400,1.6082,PA71A,P,A,71,A
1401,1.362,PA71C,P,C,71,A
1402,1.9791,PA71D,P,D,71,A
1403,2.0301,PA71E,P,E,71,A
1404,1.4761,PA71F,P,F,71,A
1405,1.5306,PA71G,P,G,71,A
1406,1.7499,PA71H,P,H,71,A
1407,1.44,PA71I,P,I,71,A
1408,1.9947,PA71K,P,K,71,A
1409,1.4545,PA71L,P,L,71,A
1410,1.7329,PA71M,P,M,71,A
1411,1.9668,PA71N,P,N,71,A
1412,0.0,PA71P,P,P,71,A
1413,1.9772,PA71Q,P,Q,71,A
1414,1.9863,PA71R,P,R,71,A
1415,1.796,PA71S,P,S,71,A
1416,1.9017,PA71T,P,T,71,A
1417,1.7482,PA71V,P,V,71,A
1418,1.9477,PA71W,P,W,71,A
1419,1.9112,PA71Y,P,Y,71,A
1420,1.0084,EA72A,E,A,72,A
1421,0.1669,EA72C,E,C,72,A
1422,-0.3529,EA72D,E,D,72,A
1423,0.0,EA72E,E,E,72,A
1424,0.2369,EA72F,E,F,72,A
1425,0.9917,EA72G,E,G,72,A
1426,0.777,EA72H,E,H,72,A
1427,0.9967,EA72I,E,I,72,A
1428,1.5272,EA72K,E,K,72,A
1429,0.5326,EA72L,E,L,72,A
1430,0.7194,EA72M,E,M,72,A
1431,0.4345,EA72N,E,N,72,A
1432,1.6257,EA72P,E,P,72,A
1433,1.0792,EA72Q,E,Q,72,A
1434,1.9626,EA72R,E,R,72,A
1435,0.61,EA72S,E,S,72,A
1436,0.9284,EA72T,E,T,72,A
1437,1.1448,EA72V,E,V,72,A
1438,0.1541,EA72W,E,W,72,A
1439,-0.0748,EA72Y,E,Y,72,A
1440,0.0,AA73A,A,A,73,A
1441,0.4583,AA73C,A,C,73,A
1442,1.3975,AA73D,A,D,73,A
1443,0.9105,AA73E,A,E,73,A
1444,0.7429,AA73F,A,F,73,A
1445,0.4738,AA73G,A,G,73,A
1446,0.5686,AA73H,A,H,73,A
1447,0.966,AA73I,A,I,73,A
1448,0.2155,AA73K,A,K,73,A
1449,0.6246,AA73L,A,L,73,A
1450,0.5787,AA73M,A,M,73,A
1451,0.7868,AA73N,A,N,73,A
1452,1.5132,AA73P,A,P,73,A
1453,0.4342,AA73Q,A,Q,73,A
1454,0.1333,AA73R,A,R,73,A
1455,0.3708,AA73S,A,S,73,A
1456,0.9061,AA73T,A,T,73,A
1457,0.9801,AA73V,A,V,73,A
1458,0.979,AA73W,A,W,73,A
1459,0.9434,AA73Y,A,Y,73,A
1460,0.6007,GA74A,G,A,74,A
1461,0.0309,GA74C,G,C,74,A
1462,0.4044,GA74D,G,D,74,A
1463,0.7603,GA74E,G,E,74,A
1464,0.4198,GA74F,G,F,74,A
1465,0.0,GA74G,G,G,74,A
1466,0.2911,GA74H,G,H,74,A
1467,0.8657,GA74I,G,I,74,A
1468,0.8088,GA74K,G,K,74,A
1469,0.6908,GA74L,G,L,74,A
1470,0.5747,GA74M,G,M,74,A
1471,0.1328,GA74N,G,N,74,A
1472,1.234,GA74P,G,P,74,A
1473,0.7009,GA74Q,G,Q,74,A
1474,0.8541,GA74R,G,R,74,A
1475,0.3378,GA74S,G,S,74,A
1476,0.4092,GA74T,G,T,74,A
1477,0.944,GA74V,G,V,74,A
1478,0.2612,GA74W,G,W,74,A
1479,0.4167,GA74Y,G,Y,74,A
1480,1.5888,LA75A,L,A,75,A
1481,1.1235,LA75C,L,C,75,A
1482,1.6036,LA75D,L,D,75,A
1483,1.6713,LA75E,L,E,75,A
1484,1.147,LA75F,L,F,75,A
1485,1.8172,LA75G,L,G,75,A
1486,1.8144,LA75H,L,H,75,A
1487,1.2078,LA75I,L,I,75,A
1488,1.817,LA75K,L,K,75,A
1489,0.0,LA75L,L,L,75,A
1490,0.7328,LA75M,L,M,75,A
1491,1.7404,LA75N,L,N,75,A
1492,2.4158,LA75P,L,P,75,A
1493,1.8124,LA75Q,L,Q,75,A
1494,2.0631,LA75R,L,R,75,A
1495,1.6517,LA75S,L,S,75,A
1496,1.861,LA75T,L,T,75,A
1497,1.6023,LA75V,L,V,75,A
1498,1.4781,LA75W,L,W,75,A
1499,1.41,LA75Y,L,Y,75,A
1500,0.5743,PA76A,P,A,76,A
1501,0.537,PA76C,P,C,76,A
1502,0.8782,PA76D,P,D,76,A
1503,0.8759,PA76E,P,E,76,A
1504,0.7386,PA76F,P,F,76,A
1505,0.8054,PA76G,P,G,76,A
1506,0.8231,PA76H,P,H,76,A
1507,0.7003,PA76I,P,I,76,A
1508,0.8376,PA76K,P,K,76,A
1509,0.6871,PA76L,P,L,76,A
1510,0.8116,PA76M,P,M,76,A
1511,1.0026,PA76N,P,N,76,A
1512,0.0,PA76P,P,P,76,A
1513,0.9177,PA76Q,P,Q,76,A
1514,0.8874,PA76R,P,R,76,A
1515,0.7173,PA76S,P,S,76,A
1516,0.9035,PA76T,P,T,76,A
1517,0.7493,PA76V,P,V,76,A
1518,0.8399,PA76W,P,W,76,A
1519,0.9345,PA76Y,P,Y,76,A
1520,1.7695,YA77A,Y,A,77,A
1521,1.2044,YA77C,Y,C,77,A
1522,2.1755,YA77D,Y,D,77,A
1523,1.9801,YA77E,Y,E,77,A
1524,0.2625,YA77F,Y,F,77,A
1525,2.1787,YA77G,Y,G,77,A
1526,1.6385,YA77H,Y,H,77,A
1527,1.3881,YA77I,Y,I,77,A
1528,1.9371,YA77K,Y,K,77,A
1529,1.1673,YA77L,Y,L,77,A
1530,1.1927,YA77M,Y,M,77,A
1531,2.2975,YA77N,Y,N,77,A
1532,2.1026,YA77P,Y,P,77,A
1533,1.9519,YA77Q,Y,Q,77,A
1534,1.8539,YA77R,Y,R,77,A
1535,2.1686,YA77S,Y,S,77,A
1536,2.4631,YA77T,Y,T,77,A
1537,1.6621,YA77V,Y,V,77,A
1538,0.4306,YA77W,Y,W,77,A
1539,0.0,YA77Y,Y,Y,77,A
1540,1.561,GA78A,G,A,78,A
1541,0.8856,GA78C,G,C,78,A
1542,1.1167,GA78D,G,D,78,A
1543,1.1626,GA78E,G,E,78,A
1544,1.1671,GA78F,G,F,78,A
1545,0.0,GA78G,G,G,78,A
1546,1.215,GA78H,G,H,78,A
1547,2.0534,GA78I,G,I,78,A
1548,1.5294,GA78K,G,K,78,A
1549,1.3437,GA78L,G,L,78,A
1550,1.452,GA78M,G,M,78,A
1551,0.8021,GA78N,G,N,78,A
1552,2.285,GA78P,G,P,78,A
1553,1.3527,GA78Q,G,Q,78,A
1554,1.681,GA78R,G,R,78,A
1555,1.3852,GA78S,G,S,78,A
1556,1.8667,GA78T,G,T,78,A
1557,2.2676,GA78V,G,V,78,A
1558,1.5155,GA78W,G,W,78,A
1559,1.402,GA78Y,G,Y,78,A
1560,0.0,AA79A,A,A,79,A
1561,0.1349,AA79C,A,C,79,A
1562,1.1159,AA79D,A,D,79,A
1563,0.6756,AA79E,A,E,79,A
1564,0.3242,AA79F,A,F,79,A
1565,1.1656,AA79G,A,G,79,A
1566,0.775,AA79H,A,H,79,A
1567,0.3062,AA79I,A,I,79,A
1568,1.1738,AA79K,A,K,79,A
1569,0.4976,AA79L,A,L,79,A
1570,0.4507,AA79M,A,M,79,A
1571,1.0001,AA79N,A,N,79,A
1572,2.0182,AA79P,A,P,79,A
1573,0.5766,AA79Q,A,Q,79,A
1574,1.0237,AA79R,A,R,79,A
1575,0.3369,AA79S,A,S,79,A
1576,0.0841,AA79T,A,T,79,A
1577,0.1974,AA79V,A,V,79,A
1578,0.1326,AA79W,A,W,79,A
1579,0.398,AA79Y,A,Y,79,A
1580,0.2579,NA80A,N,A,80,A
1581,-0.1528,NA80C,N,C,80,A
1582,0.2667,NA80D,N,D,80,A
1583,0.0775,NA80E,N,E,80,A
1584,0.1516,NA80F,N,F,80,A
1585,0.5194,NA80G,N,G,80,A
1586,0.1623,NA80H,N,H,80,A
1587,-0.0512,NA80I,N,I,80,A
1588,-0.0051,NA80K,N,K,80,A
1589,0.0896,NA80L,N,L,80,A
1590,0.0604,NA80M,N,M,80,A
1591,0.0,NA80N,N,N,80,A
1592,0.8887,NA80P,N,P,80,A
1593,-0.0176,NA80Q,N,Q,80,A
1594,0.1183,NA80R,N,R,80,A
1595,0.0897,NA80S,N,S,80,A
1596,0.091,NA80T,N,T,80,A
1597,-0.2112,NA80V,N,V,80,A
1598,0.1728,NA80W,N,W,80,A
1599,0.1954,NA80Y,N,Y,80,A
1600,0.6049,KA81A,K,A,81,A
1601,0.3891,KA81C,K,C,81,A
1602,1.6128,KA81D,K,D,81,A
1603,1.1678,KA81E,K,E,81,A
1604,0.5597,KA81F,K,F,81,A
1605,1.3911,KA81G,K,G,81,A
1606,0.612,KA81H,K,H,81,A
1607,0.1771,KA81I,K,I,81,A
1608,0.0,KA81K,K,K,81,A
1609,0.3377,KA81L,K,L,81,A
1610,0.3748,KA81M,K,M,81,A
1611,1.0455,KA81N,K,N,81,A
1612,1.6007,KA81P,K,P,81,A
1613,0.5051,KA81Q,K,Q,81,A
1614,0.0762,KA81R,K,R,81,A
1615,0.7542,KA81S,K,S,81,A
1616,0.697,KA81T,K,T,81,A
1617,0.1828,KA81V,K,V,81,A
1618,0.6825,KA81W,K,W,81,A
1619,0.4858,KA81Y,K,Y,81,A
1620,-0.0548,DA82A,D,A,82,A
1621,-0.0409,DA82C,D,C,82,A
1622,0.0,DA82D,D,D,82,A
1623,-0.0642,DA82E,D,E,82,A
1624,0.1767,DA82F,D,F,82,A
1625,0.161,DA82G,D,G,82,A
1626,0.1495,DA82H,D,H,82,A
1627,0.2069,DA82I,D,I,82,A
1628,0.0202,DA82K,D,K,82,A
1629,0.1088,DA82L,D,L,82,A
1630,0.1352,DA82M,D,M,82,A
1631,0.1282,DA82N,D,N,82,A
1632,0.0275,DA82P,D,P,82,A
1633,-0.0336,DA82Q,D,Q,82,A
1634,0.0486,DA82R,D,R,82,A
1635,-0.1205,DA82S,D,S,82,A
1636,0.1306,DA82T,D,T,82,A
1637,0.1116,DA82V,D,V,82,A
1638,0.2293,DA82W,D,W,82,A
1639,0.4088,DA82Y,D,Y,82,A
1640,1.3874,GA83A,G,A,83,A
1641,0.6602,GA83C,G,C,83,A
1642,0.9532,GA83D,G,D,83,A
1643,1.2341,GA83E,G,E,83,A
1644,1.1665,GA83F,G,F,83,A
1645,0.0,GA83G,G,G,83,A
1646,1.2213,GA83H,G,H,83,A
1647,1.6057,GA83I,G,I,83,A
1648,1.4405,GA83K,G,K,83,A
1649,1.3295,GA83L,G,L,83,A
1650,1.332,GA83M,G,M,83,A
1651,0.7756,GA83N,G,N,83,A
1652,2.1148,GA83P,G,P,83,A
1653,1.3293,GA83Q,G,Q,83,A
1654,1.5875,GA83R,G,R,83,A
1655,1.0017,GA83S,G,S,83,A
1656,1.1552,GA83T,G,T,83,A
1657,1.7139,GA83V,G,V,83,A
1658,1.3634,GA83W,G,W,83,A
1659,1.2687,GA83Y,G,Y,83,A
1660,2.1991,IA84A,I,A,84,A
1661,1.4629,IA84C,I,C,84,A
1662,3.0868,IA84D,I,D,84,A
1663,2.7811,IA84E,I,E,84,A
1664,1.482,IA84F,I,F,84,A
1665,2.7559,IA84G,I,G,84,A
1666,2.5672,IA84H,I,H,84,A
1667,0.0,IA84I,I,I,84,A
1668,2.4868,IA84K,I,K,84,A
1669,0.3851,IA84L,I,L,84,A
1670,1.1914,IA84M,I,M,84,A
1671,2.7839,IA84N,I,N,84,A
1672,2.6257,IA84P,I,P,84,A
1673,2.5726,IA84Q,I,Q,84,A
1674,2.5206,IA84R,I,R,84,A
1675,2.6142,IA84S,I,S,84,A
1676,1.9494,IA84T,I,T,84,A
1677,0.4904,IA84V,I,V,84,A
1678,1.852,IA84W,I,W,84,A
1679,1.7171,IA84Y,I,Y,84,A
1680,1.4772,IA85A,I,A,85,A
1681,0.721,IA85C,I,C,85,A
1682,2.5731,IA85D,I,D,85,A
1683,1.5326,IA85E,I,E,85,A
1684,0.7866,IA85F,I,F,85,A
1685,2.4771,IA85G,I,G,85,A
1686,1.9081,IA85H,I,H,85,A
1687,0.0,IA85I,I,I,85,A
1688,2.0959,IA85K,I,K,85,A
1689,0.5096,IA85L,I,L,85,A
1690,0.7131,IA85M,I,M,85,A
1691,2.1072,IA85N,I,N,85,A
1692,2.9777,IA85P,I,P,85,A
1693,1.7374,IA85Q,I,Q,85,A
1694,2.038,IA85R,I,R,85,A
1695,1.5645,IA85S,I,S,85,A
1696,1.0465,IA85T,I,T,85,A
1697,-0.1083,IA85V,I,V,85,A
1698,0.7486,IA85W,I,W,85,A
1699,0.9233,IA85Y,I,Y,85,A
1700,2.5435,WA86A,W,A,86,A
1701,1.829,WA86C,W,C,86,A
1702,2.8739,WA86D,W,D,86,A
1703,2.8506,WA86E,W,E,86,A
1704,1.0967,WA86F,W,F,86,A
1705,3.0598,WA86G,W,G,86,A
1706,1.5711,WA86H,W,H,86,A
1707,2.325,WA86I,W,I,86,A
1708,3.1753,WA86K,W,K,86,A
1709,2.5784,WA86L,W,L,86,A
1710,2.1532,WA86M,W,M,86,A
1711,2.5161,WA86N,W,N,86,A
1712,2.5671,WA86P,W,P,86,A
1713,2.8275,WA86Q,W,Q,86,A
1714,2.689,WA86R,W,R,86,A
1715,2.6309,WA86S,W,S,86,A
1716,2.3573,WA86T,W,T,86,A
1717,2.5819,WA86V,W,V,86,A
1718,0.0,WA86W,W,W,86,A
1719,1.2424,WA86Y,W,Y,86,A
1720,1.7292,VA87A,V,A,87,A
1721,1.1399,VA87C,V,C,87,A
1722,3.2974,VA87D,V,D,87,A
1723,2.8022,VA87E,V,E,87,A
1724,1.5106,VA87F,V,F,87,A
1725,2.8083,VA87G,V,G,87,A
1726,2.9185,VA87H,V,H,87,A
1727,0.483,VA87I,V,I,87,A
1728,2.8836,VA87K,V,K,87,A
1729,0.951,VA87L,V,L,87,A
1730,1.4383,VA87M,V,M,87,A
1731,2.8459,VA87N,V,N,87,A
1732,2.9064,VA87P,V,P,87,A
1733,2.5811,VA87Q,V,Q,87,A
1734,2.9498,VA87R,V,R,87,A
1735,2.3348,VA87S,V,S,87,A
1736,1.8984,VA87T,V,T,87,A
1737,0.0,VA87V,V,V,87,A
1738,2.0228,VA87W,V,W,87,A
1739,2.154,VA87Y,V,Y,87,A
1740,0.0,AA88A,A,A,88,A
1741,-0.1698,AA88C,A,C,88,A
1742,0.9368,AA88D,A,D,88,A
1743,0.4234,AA88E,A,E,88,A
1744,-0.0183,AA88F,A,F,88,A
1745,0.8942,AA88G,A,G,88,A
1746,0.1878,AA88H,A,H,88,A
1747,0.2654,AA88I,A,I,88,A
1748,0.1826,AA88K,A,K,88,A
1749,0.2245,AA88L,A,L,88,A
1750,0.0043,AA88M,A,M,88,A
1751,0.5936,AA88N,A,N,88,A
1752,2.0919,AA88P,A,P,88,A
1753,-0.0129,AA88Q,A,Q,88,A
1754,0.1352,AA88R,A,R,88,A
1755,0.1399,AA88S,A,S,88,A
1756,0.334,AA88T,A,T,88,A
1757,0.1434,AA88V,A,V,88,A
1758,-0.0231,AA88W,A,W,88,A
1759,-0.0484,AA88Y,A,Y,88,A
1760,0.9421,TA89A,T,A,89,A
1761,0.6471,TA89C,T,C,89,A
1762,1.8505,TA89D,T,D,89,A
1763,1.2561,TA89E,T,E,89,A
1764,1.0282,TA89F,T,F,89,A
1765,1.6102,TA89G,T,G,89,A
1766,1.3131,TA89H,T,H,89,A
1767,0.4247,TA89I,T,I,89,A
1768,1.1097,TA89K,T,K,89,A
1769,0.6318,TA89L,T,L,89,A
1770,0.6018,TA89M,T,M,89,A
1771,1.224,TA89N,T,N,89,A
1772,2.8633,TA89P,T,P,89,A
1773,0.9665,TA89Q,T,Q,89,A
1774,0.8886,TA89R,T,R,89,A
1775,0.6731,TA89S,T,S,89,A
1776,0.0,TA89T,T,T,89,A
1777,0.4229,TA89V,T,V,89,A
1778,1.1073,TA89W,T,W,89,A
1779,1.3351,TA89Y,T,Y,89,A
1780,0.1828,EA90A,E,A,90,A
1781,0.1253,EA90C,E,C,90,A
1782,0.3316,EA90D,E,D,90,A
1783,0.0,EA90E,E,E,90,A
1784,0.3263,EA90F,E,F,90,A
1785,0.4401,EA90G,E,G,90,A
1786,0.4342,EA90H,E,H,90,A
1787,0.2097,EA90I,E,I,90,A
1788,0.375,EA90K,E,K,90,A
1789,0.1773,EA90L,E,L,90,A
1790,0.3491,EA90M,E,M,90,A
1791,0.5778,EA90N,E,N,90,A
1792,0.0386,EA90P,E,P,90,A
1793,0.3109,EA90Q,E,Q,90,A
1794,0.5654,EA90R,E,R,90,A
1795,0.2604,EA90S,E,S,90,A
1796,0.4718,EA90T,E,T,90,A
1797,0.1916,EA90V,E,V,90,A
1798,0.2979,EA90W,E,W,90,A
1799,0.4679,EA90Y,E,Y,90,A
1800,1.6093,GA91A,G,A,91,A
1801,0.9244,GA91C,G,C,91,A
1802,1.477,GA91D,G,D,91,A
1803,1.4454,GA91E,G,E,91,A
1804,1.3038,GA91F,G,F,91,A
1805,0.0,GA91G,G,G,91,A
1806,1.3442,GA91H,G,H,91,A
1807,1.8094,GA91I,G,I,91,A
1808,1.3833,GA91K,G,K,91,A
1809,1.4057,GA91L,G,L,91,A
1810,1.3835,GA91M,G,M,91,A
1811,1.0078,GA91N,G,N,91,A
1812,1.9925,GA91P,G,P,91,A
1813,1.446,GA91Q,G,Q,91,A
1814,1.5029,GA91R,G,R,91,A
1815,1.3521,GA91S,G,S,91,A
1816,1.6184,GA91T,G,T,91,A
1817,1.9277,GA91V,G,V,91,A
1818,1.5399,GA91W,G,W,91,A
1819,1.519,GA91Y,G,Y,91,A
1820,0.0,AA92A,A,A,92,A
1821,1.0872,AA92C,A,C,92,A
1822,2.3531,AA92D,A,D,92,A
1823,2.0612,AA92E,A,E,92,A
1824,1.4965,AA92F,A,F,92,A
1825,1.6842,AA92G,A,G,92,A
1826,1.8411,AA92H,A,H,92,A
1827,1.3146,AA92I,A,I,92,A
1828,2.2519,AA92K,A,K,92,A
1829,1.5089,AA92L,A,L,92,A
1830,1.5823,AA92M,A,M,92,A
1831,2.3581,AA92N,A,N,92,A
1832,1.7416,AA92P,A,P,92,A
1833,1.9884,AA92Q,A,Q,92,A
1834,2.1492,AA92R,A,R,92,A
1835,1.4026,AA92S,A,S,92,A
1836,1.7869,AA92T,A,T,92,A
1837,1.4218,AA92V,A,V,92,A
1838,1.5055,AA92W,A,W,92,A
1839,1.5843,AA92Y,A,Y,92,A
1840,0.6603,LA93A,L,A,93,A
1841,0.3576,LA93C,L,C,93,A
1842,1.1023,LA93D,L,D,93,A
1843,0.6493,LA93E,L,E,93,A
1844,0.4574,LA93F,L,F,93,A
1845,1.3771,LA93G,L,G,93,A
1846,0.6262,LA93H,L,H,93,A
1847,0.039,LA93I,L,I,93,A
1848,0.3092,LA93K,L,K,93,A
1849,0.0,LA93L,L,L,93,A
1850,0.2937,LA93M,L,M,93,A
1851,0.7767,LA93N,L,N,93,A
1852,1.9701,LA93P,L,P,93,A
1853,0.3576,LA93Q,L,Q,93,A
1854,0.2783,LA93R,L,R,93,A
1855,0.6779,LA93S,L,S,93,A
1856,0.3526,LA93T,L,T,93,A
1857,0.1283,LA93V,L,V,93,A
1858,0.6632,LA93W,L,W,93,A
1859,0.671,LA93Y,L,Y,93,A
1860,0.5527,NA94A,N,A,94,A
1861,-0.0686,NA94C,N,C,94,A
1862,0.3531,NA94D,N,D,94,A
1863,0.2894,NA94E,N,E,94,A
1864,-0.086,NA94F,N,F,94,A
1865,0.52,NA94G,N,G,94,A
1866,0.1889,NA94H,N,H,94,A
1867,-0.0136,NA94I,N,I,94,A
1868,0.3559,NA94K,N,K,94,A
1869,-0.0121,NA94L,N,L,94,A
1870,0.0848,NA94M,N,M,94,A
1871,0.0,NA94N,N,N,94,A
1872,0.5781,NA94P,N,P,94,A
1873,0.3662,NA94Q,N,Q,94,A
1874,0.3159,NA94R,N,R,94,A
1875,0.3245,NA94S,N,S,94,A
1876,0.4575,NA94T,N,T,94,A
1877,0.0383,NA94V,N,V,94,A
1878,-0.21,NA94W,N,W,94,A
1879,-0.0596,NA94Y,N,Y,94,A
1880,0.5047,TA95A,T,A,95,A
1881,0.1756,TA95C,T,C,95,A
1882,1.2729,TA95D,T,D,95,A
1883,0.6643,TA95E,T,E,95,A
1884,0.3355,TA95F,T,F,95,A
1885,1.2636,TA95G,T,G,95,A
1886,0.6527,TA95H,T,H,95,A
1887,-0.1926,TA95I,T,I,95,A
1888,0.3811,TA95K,T,K,95,A
1889,0.2157,TA95L,T,L,95,A
1890,0.2331,TA95M,T,M,95,A
1891,0.9403,TA95N,T,N,95,A
1892,2.0589,TA95P,T,P,95,A
1893,0.4319,TA95Q,T,Q,95,A
1894,0.3347,TA95R,T,R,95,A
1895,0.4697,TA95S,T,S,95,A
1896,0.0,TA95T,T,T,95,A
1897,-0.1913,TA95V,T,V,95,A
1898,0.4584,TA95W,T,W,95,A
1899,0.4271,TA95Y,T,Y,95,A
1900,0.6532,PA96A,P,A,96,A
1901,0.6294,PA96C,P,C,96,A
1902,1.0108,PA96D,P,D,96,A
1903,1.1268,PA96E,P,E,96,A
1904,0.8305,PA96F,P,F,96,A
1905,0.8048,PA96G,P,G,96,A
1906,0.8283,PA96H,P,H,96,A
1907,0.7658,PA96I,P,I,96,A
1908,0.7066,PA96K,P,K,96,A
1909,0.6979,PA96L,P,L,96,A
1910,0.8685,PA96M,P,M,96,A
1911,0.9999,PA96N,P,N,96,A
1912,0.0,PA96P,P,P,96,A
1913,1.0571,PA96Q,P,Q,96,A
1914,0.7316,PA96R,P,R,96,A
1915,0.7622,PA96S,P,S,96,A
1916,0.9834,PA96T,P,T,96,A
1917,0.866,PA96V,P,V,96,A
1918,0.9846,PA96W,P,W,96,A
1919,0.8759,PA96Y,P,Y,96,A
1920,1.2331,KA97A,K,A,97,A
1921,0.8994,KA97C,K,C,97,A
1922,2.4909,KA97D,K,D,97,A
1923,2.0373,KA97E,K,E,97,A
1924,0.7453,KA97F,K,F,97,A
1925,1.5837,KA97G,K,G,97,A
1926,0.9228,KA97H,K,H,97,A
1927,0.8099,KA97I,K,I,97,A
1928,0.0,KA97K,K,K,97,A
1929,0.1723,KA97L,K,L,97,A
1930,0.406,KA97M,K,M,97,A
1931,1.542,KA97N,K,N,97,A
1932,2.3172,KA97P,K,P,97,A
1933,0.9899,KA97Q,K,Q,97,A
1934,-0.0151,KA97R,K,R,97,A
1935,1.471,KA97S,K,S,97,A
1936,1.5925,KA97T,K,T,97,A
1937,1.1958,KA97V,K,V,97,A
1938,1.2129,KA97W,K,W,97,A
1939,0.9059,KA97Y,K,Y,97,A
1940,0.202,DA98A,D,A,98,A
1941,-0.1972,DA98C,D,C,98,A
1942,0.0,DA98D,D,D,98,A
1943,0.1519,DA98E,D,E,98,A
1944,0.0468,DA98F,D,F,98,A
1945,0.3504,DA98G,D,G,98,A
1946,0.0184,DA98H,D,H,98,A
1947,0.0782,DA98I,D,I,98,A
1948,0.1763,DA98K,D,K,98,A
1949,0.1583,DA98L,D,L,98,A
1950,0.101,DA98M,D,M,98,A
1951,-0.0826,DA98N,D,N,98,A
1952,0.9093,DA98P,D,P,98,A
1953,0.117,DA98Q,D,Q,98,A
1954,0.2308,DA98R,D,R,98,A
1955,-0.1127,DA98S,D,S,98,A
1956,-0.3645,DA98T,D,T,98,A
1957,0.0334,DA98V,D,V,98,A
1958,-0.1035,DA98W,D,W,98,A
1959,-0.0698,DA98Y,D,Y,98,A
1960,0.7367,HA99A,H,A,99,A
1961,0.5514,HA99C,H,C,99,A
1962,1.0502,HA99D,H,D,99,A
1963,1.3981,HA99E,H,E,99,A
1964,0.3701,HA99F,H,F,99,A
1965,0.8189,HA99G,H,G,99,A
1966,0.0,HA99H,H,H,99,A
1967,1.2039,HA99I,H,I,99,A
1968,0.7906,HA99K,H,K,99,A
1969,0.9573,HA99L,H,L,99,A
1970,1.1504,HA99M,H,M,99,A
1971,0.5628,HA99N,H,N,99,A
1972,1.52,HA99P,H,P,99,A
1973,0.8837,HA99Q,H,Q,99,A
1974,0.6169,HA99R,H,R,99,A
1975,0.5889,HA99S,H,S,99,A
1976,0.6755,HA99T,H,T,99,A
1977,1.4712,HA99V,H,V,99,A
1978,0.4556,HA99W,H,W,99,A
1979,0.5538,HA99Y,H,Y,99,A
1980,1.7186,IA100A,I,A,100,A
1981,1.3843,IA100C,I,C,100,A
1982,2.5547,IA100D,I,D,100,A
1983,2.1127,IA100E,I,E,100,A
1984,1.2256,IA100F,I,F,100,A
1985,2.2954,IA100G,I,G,100,A
1986,1.8277,IA100H,I,H,100,A
1987,0.0,IA100I,I,I,100,A
1988,1.6013,IA100K,I,K,100,A
1989,0.0345,IA100L,I,L,100,A
1990,0.8545,IA100M,I,M,100,A
1991,2.2653,IA100N,I,N,100,A
1992,2.3132,IA100P,I,P,100,A
1993,1.8246,IA100Q,I,Q,100,A
1994,1.5171,IA100R,I,R,100,A
1995,2.3133,IA100S,I,S,100,A
1996,1.9835,IA100T,I,T,100,A
1997,0.9302,IA100V,I,V,100,A
1998,1.5189,IA100W,I,W,100,A
1999,1.4341,IA100Y,I,Y,100,A
2000,1.2934,GA101A,G,A,101,A
2001,1.0841,GA101C,G,C,101,A
2002,1.4894,GA101D,G,D,101,A
2003,1.6562,GA101E,G,E,101,A
2004,1.5281,GA101F,G,F,101,A
2005,0.0,GA101G,G,G,101,A
2006,1.4198,GA101H,G,H,101,A
2007,1.9149,GA101I,G,I,101,A
2008,1.498,GA101K,G,K,101,A
2009,1.4842,GA101L,G,L,101,A
2010,1.5576,GA101M,G,M,101,A
2011,1.1583,GA101N,G,N,101,A
2012,1.9821,GA101P,G,P,101,A
2013,1.5502,GA101Q,G,Q,101,A
2014,1.5381,GA101R,G,R,101,A
2015,1.1203,GA101S,G,S,101,A
2016,1.3865,GA101T,G,T,101,A
2017,2.1088,GA101V,G,V,101,A
2018,1.7497,GA101W,G,W,101,A
2019,1.7581,GA101Y,G,Y,101,A
2020,0.7601,TA102A,T,A,102,A
2021,0.0426,TA102C,T,C,102,A
2022,0.4606,TA102D,T,D,102,A
2023,0.2265,TA102E,T,E,102,A
2024,0.4022,TA102F,T,F,102,A
2025,0.901,TA102G,T,G,102,A
2026,0.5694,TA102H,T,H,102,A
2027,0.27,TA102I,T,I,102,A
2028,0.6135,TA102K,T,K,102,A
2029,0.3724,TA102L,T,L,102,A
2030,0.2261,TA102M,T,M,102,A
2031,0.4459,TA102N,T,N,102,A
2032,1.1988,TA102P,T,P,102,A
2033,0.5035,TA102Q,T,Q,102,A
2034,0.7516,TA102R,T,R,102,A
2035,0.2559,TA102S,T,S,102,A
2036,0.0,TA102T,T,T,102,A
2037,0.0385,TA102V,T,V,102,A
2038,0.3197,TA102W,T,W,102,A
2039,0.4638,TA102Y,T,Y,102,A
2040,1.016,RA103A,R,A,103,A
2041,1.3036,RA103C,R,C,103,A
2042,2.3911,RA103D,R,D,103,A
2043,1.9742,RA103E,R,E,103,A
2044,1.4261,RA103F,R,F,103,A
2045,2.0787,RA103G,R,G,103,A
2046,1.3798,RA103H,R,H,103,A
2047,1.3371,RA103I,R,I,103,A
2048,0.783,RA103K,R,K,103,A
2049,0.9018,RA103L,R,L,103,A
2050,1.1362,RA103M,R,M,103,A
2051,1.4006,RA103N,R,N,103,A
2052,2.4789,RA103P,R,P,103,A
2053,0.8861,RA103Q,R,Q,103,A
2054,0.0,RA103R,R,R,103,A
2055,1.2771,RA103S,R,S,103,A
2056,1.9759,RA103T,R,T,103,A
2057,1.5764,RA103V,R,V,103,A
2058,1.5939,RA103W,R,W,103,A
2059,1.5168,RA103Y,R,Y,103,A
2060,1.3882,NA104A,N,A,104,A
2061,0.5823,NA104C,N,C,104,A
2062,0.523,NA104D,N,D,104,A
2063,1.1641,NA104E,N,E,104,A
2064,1.0151,NA104F,N,F,104,A
2065,1.4101,NA104G,N,G,104,A
2066,0.8728,NA104H,N,H,104,A
2067,1.0576,NA104I,N,I,104,A
2068,1.3531,NA104K,N,K,104,A
2069,1.067,NA104L,N,L,104,A
2070,1.1212,NA104M,N,M,104,A
2071,0.0,NA104N,N,N,104,A
2072,1.97,NA104P,N,P,104,A
2073,1.128,NA104Q,N,Q,104,A
2074,1.2051,NA104R,N,R,104,A
2075,0.6818,NA104S,N,S,104,A
2076,0.8315,NA104T,N,T,104,A
2077,0.99,NA104V,N,V,104,A
2078,0.84,NA104W,N,W,104,A
2079,0.969,NA104Y,N,Y,104,A
2080,1.0445,PA105A,P,A,105,A
2081,0.7554,PA105C,P,C,105,A
2082,1.2557,PA105D,P,D,105,A
2083,1.4028,PA105E,P,E,105,A
2084,0.9063,PA105F,P,F,105,A
2085,1.1304,PA105G,P,G,105,A
2086,0.9452,PA105H,P,H,105,A
2087,0.9075,PA105I,P,I,105,A
2088,1.0957,PA105K,P,K,105,A
2089,0.9739,PA105L,P,L,105,A
2090,1.0922,PA105M,P,M,105,A
2091,1.1967,PA105N,P,N,105,A
2092,0.0,PA105P,P,P,105,A
2093,1.3038,PA105Q,P,Q,105,A
2094,1.0741,PA105R,P,R,105,A
2095,1.108,PA105S,P,S,105,A
2096,1.2135,PA105T,P,T,105,A
2097,1.0812,PA105V,P,V,105,A
2098,1.0044,PA105W,P,W,105,A
2099,0.9544,PA105Y,P,Y,105,A
2100,0.0,AA106A,A,A,106,A
2101,-0.0332,AA106C,A,C,106,A
2102,-0.0758,AA106D,A,D,106,A
2103,0.1144,AA106E,A,E,106,A
2104,0.4064,AA106F,A,F,106,A
2105,0.3336,AA106G,A,G,106,A
2106,0.24,AA106H,A,H,106,A
2107,0.4598,AA106I,A,I,106,A
2108,0.2052,AA106K,A,K,106,A
2109,0.1376,AA106L,A,L,106,A
2110,0.1626,AA106M,A,M,106,A
2111,0.0501,AA106N,A,N,106,A
2112,1.0518,AA106P,A,P,106,A
2113,0.1162,AA106Q,A,Q,106,A
2114,0.2199,AA106R,A,R,106,A
2115,0.0038,AA106S,A,S,106,A
2116,0.202,AA106T,A,T,106,A
2117,0.4763,AA106V,A,V,106,A
2118,0.32,AA106W,A,W,106,A
2119,0.4276,AA106Y,A,Y,106,A
2120,0.0661,NA107A,N,A,107,A
2121,-0.2947,NA107C,N,C,107,A
2122,-0.2921,NA107D,N,D,107,A
2123,-0.2025,NA107E,N,E,107,A
2124,-0.0215,NA107F,N,F,107,A
2125,0.5413,NA107G,N,G,107,A
2126,0.0138,NA107H,N,H,107,A
2127,-0.0594,NA107I,N,I,107,A
2128,0.2375,NA107K,N,K,107,A
2129,-0.0526,NA107L,N,L,107,A
2130,-0.0225,NA107M,N,M,107,A
2131,0.0,NA107N,N,N,107,A
2132,0.9956,NA107P,N,P,107,A
2133,-0.0213,NA107Q,N,Q,107,A
2134,0.2684,NA107R,N,R,107,A
2135,1e-04,NA107S,N,S,107,A
2136,-0.1104,NA107T,N,T,107,A
2137,-0.0062,NA107V,N,V,107,A
2138,-0.163,NA107W,N,W,107,A
2139,-0.0785,NA107Y,N,Y,107,A
2140,-0.5092,NA108A,N,A,108,A
2141,-0.5203,NA108C,N,C,108,A
2142,-0.3536,NA108D,N,D,108,A
2143,-0.5478,NA108E,N,E,108,A
2144,-0.213,NA108F,N,F,108,A
2145,0.3369,NA108G,N,G,108,A
2146,-0.1329,NA108H,N,H,108,A
2147,-0.0398,NA108I,N,I,108,A
2148,-0.0467,NA108K,N,K,108,A
2149,-0.1297,NA108L,N,L,108,A
2150,-0.188,NA108M,N,M,108,A
2151,0.0,NA108N,N,N,108,A
2152,1.1311,NA108P,N,P,108,A
2153,-0.3705,NA108Q,N,Q,108,A
2154,0.0985,NA108R,N,R,108,A
2155,-0.3018,NA108S,N,S,108,A
2156,-0.1624,NA108T,N,T,108,A
2157,-0.1112,NA108V,N,V,108,A
2158,-0.2871,NA108W,N,W,108,A
2159,-0.1998,NA108Y,N,Y,108,A
2160,0.0,AA109A,A,A,109,A
2161,0.0404,AA109C,A,C,109,A
2162,0.3616,AA109D,A,D,109,A
2163,0.2856,AA109E,A,E,109,A
2164,0.3073,AA109F,A,F,109,A
2165,0.3185,AA109G,A,G,109,A
2166,0.2633,AA109H,A,H,109,A
2167,0.289,AA109I,A,I,109,A
2168,0.163,AA109K,A,K,109,A
2169,0.1955,AA109L,A,L,109,A
2170,0.2225,AA109M,A,M,109,A
2171,0.4274,AA109N,A,N,109,A
2172,0.3609,AA109P,A,P,109,A
2173,0.2363,AA109Q,A,Q,109,A
2174,0.2635,AA109R,A,R,109,A
2175,0.0753,AA109S,A,S,109,A
2176,0.22,AA109T,A,T,109,A
2177,0.1803,AA109V,A,V,109,A
2178,0.2761,AA109W,A,W,109,A
2179,0.4063,AA109Y,A,Y,109,A
2180,0.0,AA110A,A,A,110,A
2181,0.3938,AA110C,A,C,110,A
2182,1.2744,AA110D,A,D,110,A
2183,0.9298,AA110E,A,E,110,A
2184,0.4958,AA110F,A,F,110,A
2185,0.8136,AA110G,A,G,110,A
2186,0.8097,AA110H,A,H,110,A
2187,0.2312,AA110I,A,I,110,A
2188,0.5861,AA110K,A,K,110,A
2189,0.2621,AA110L,A,L,110,A
2190,0.6094,AA110M,A,M,110,A
2191,1.1528,AA110N,A,N,110,A
2192,-0.033,AA110P,A,P,110,A
2193,0.7131,AA110Q,A,Q,110,A
2194,0.5883,AA110R,A,R,110,A
2195,0.6443,AA110S,A,S,110,A
2196,0.75,AA110T,A,T,110,A
2197,0.2805,AA110V,A,V,110,A
2198,0.8983,AA110W,A,W,110,A
2199,0.8255,AA110Y,A,Y,110,A
2200,0.7207,IA111A,I,A,111,A
2201,0.4216,IA111C,I,C,111,A
2202,1.0234,IA111D,I,D,111,A
2203,0.8883,IA111E,I,E,111,A
2204,0.5802,IA111F,I,F,111,A
2205,1.6746,IA111G,I,G,111,A
2206,0.8702,IA111H,I,H,111,A
2207,0.0,IA111I,I,I,111,A
2208,0.6936,IA111K,I,K,111,A
2209,0.1846,IA111L,I,L,111,A
2210,0.3311,IA111M,I,M,111,A
2211,1.1028,IA111N,I,N,111,A
2212,2.2396,IA111P,I,P,111,A
2213,0.62,IA111Q,I,Q,111,A
2214,0.6126,IA111R,I,R,111,A
2215,0.9421,IA111S,I,S,111,A
2216,0.5927,IA111T,I,T,111,A
2217,0.2929,IA111V,I,V,111,A
2218,0.5657,IA111W,I,W,111,A
2219,0.5827,IA111Y,I,Y,111,A
2220,0.4341,VA112A,V,A,112,A
2221,0.209,VA112C,V,C,112,A
2222,0.8893,VA112D,V,D,112,A
2223,0.8434,VA112E,V,E,112,A
2224,0.3582,VA112F,V,F,112,A
2225,0.7568,VA112G,V,G,112,A
2226,0.5368,VA112H,V,H,112,A
2227,0.0393,VA112I,V,I,112,A
2228,0.3991,VA112K,V,K,112,A
2229,0.1944,VA112L,V,L,112,A
2230,0.4375,VA112M,V,M,112,A
2231,0.8158,VA112N,V,N,112,A
2232,0.1288,VA112P,V,P,112,A
2233,0.6568,VA112Q,V,Q,112,A
2234,0.4858,VA112R,V,R,112,A
2235,0.5627,VA112S,V,S,112,A
2236,0.4576,VA112T,V,T,112,A
2237,0.0,VA112V,V,V,112,A
2238,0.4513,VA112W,V,W,112,A
2239,0.4323,VA112Y,V,Y,112,A
2240,1.9404,LA113A,L,A,113,A
2241,1.0597,LA113C,L,C,113,A
2242,2.9127,LA113D,L,D,113,A
2243,2.4245,LA113E,L,E,113,A
2244,0.5225,LA113F,L,F,113,A
2245,2.0513,LA113G,L,G,113,A
2246,1.9668,LA113H,L,H,113,A
2247,0.3734,LA113I,L,I,113,A
2248,2.2671,LA113K,L,K,113,A
2249,0.0,LA113L,L,L,113,A
2250,0.7446,LA113M,L,M,113,A
2251,2.3587,LA113N,L,N,113,A
2252,1.8196,LA113P,L,P,113,A
2253,2.4343,LA113Q,L,Q,113,A
2254,2.1671,LA113R,L,R,113,A
2255,2.1501,LA113S,L,S,113,A
2256,1.6017,LA113T,L,T,113,A
2257,0.7178,LA113V,L,V,113,A
2258,0.9346,LA113W,L,W,113,A
2259,1.1028,LA113Y,L,Y,113,A
2260,0.2968,QA114A,Q,A,114,A
2261,0.1697,QA114C,Q,C,114,A
2262,1.1745,QA114D,Q,D,114,A
2263,0.4651,QA114E,Q,E,114,A
2264,0.5155,QA114F,Q,F,114,A
2265,1.3368,QA114G,Q,G,114,A
2266,0.5785,QA114H,Q,H,114,A
2267,0.161,QA114I,Q,I,114,A
2268,0.3145,QA114K,Q,K,114,A
2269,0.2589,QA114L,Q,L,114,A
2270,0.2103,QA114M,Q,M,114,A
2271,0.6454,QA114N,Q,N,114,A
2272,2.4391,QA114P,Q,P,114,A
2273,0.0,QA114Q,Q,Q,114,A
2274,0.2083,QA114R,Q,R,114,A
2275,0.4278,QA114S,Q,S,114,A
2276,0.2987,QA114T,Q,T,114,A
2277,0.0565,QA114V,Q,V,114,A
2278,0.5379,QA114W,Q,W,114,A
2279,0.5071,QA114Y,Q,Y,114,A
2280,1.5973,LA115A,L,A,115,A
2281,0.763,LA115C,L,C,115,A
2282,1.8507,LA115D,L,D,115,A
2283,1.7516,LA115E,L,E,115,A
2284,-0.4417,LA115F,L,F,115,A
2285,1.5717,LA115G,L,G,115,A
2286,1.3421,LA115H,L,H,115,A
2287,0.9065,LA115I,L,I,115,A
2288,1.9677,LA115K,L,K,115,A
2289,0.0,LA115L,L,L,115,A
2290,0.7564,LA115M,L,M,115,A
2291,1.8353,LA115N,L,N,115,A
2292,1.3604,LA115P,L,P,115,A
2293,1.724,LA115Q,L,Q,115,A
2294,1.9258,LA115R,L,R,115,A
2295,1.8343,LA115S,L,S,115,A
2296,1.7209,LA115T,L,T,115,A
2297,1.1157,LA115V,L,V,115,A
2298,0.7818,LA115W,L,W,115,A
2299,0.9472,LA115Y,L,Y,115,A
2300,0.2168,PA116A,P,A,116,A
2301,0.3625,PA116C,P,C,116,A
2302,1.0302,PA116D,P,D,116,A
2303,0.6573,PA116E,P,E,116,A
2304,0.2922,PA116F,P,F,116,A
2305,0.7013,PA116G,P,G,116,A
2306,0.563,PA116H,P,H,116,A
2307,0.4876,PA116I,P,I,116,A
2308,0.6984,PA116K,P,K,116,A
2309,0.4823,PA116L,P,L,116,A
2310,0.6947,PA116M,P,M,116,A
2311,1.0296,PA116N,P,N,116,A
2312,0.0,PA116P,P,P,116,A
2313,0.7865,PA116Q,P,Q,116,A
2314,0.7553,PA116R,P,R,116,A
2315,0.7061,PA116S,P,S,116,A
2316,0.833,PA116T,P,T,116,A
2317,0.5771,PA116V,P,V,116,A
2318,0.4853,PA116W,P,W,116,A
2319,0.5169,PA116Y,P,Y,116,A
2320,-0.0054,QA117A,Q,A,117,A
2321,-0.0947,QA117C,Q,C,117,A
2322,0.1295,QA117D,Q,D,117,A
2323,0.027,QA117E,Q,E,117,A
2324,0.1249,QA117F,Q,F,117,A
2325,0.3134,QA117G,Q,G,117,A
2326,0.0943,QA117H,Q,H,117,A
2327,0.0768,QA117I,Q,I,117,A
2328,0.0754,QA117K,Q,K,117,A
2329,0.0818,QA117L,Q,L,117,A
2330,0.1098,QA117M,Q,M,117,A
2331,0.2674,QA117N,Q,N,117,A
2332,-0.0364,QA117P,Q,P,117,A
2333,0.0,QA117Q,Q,Q,117,A
2334,0.1461,QA117R,Q,R,117,A
2335,0.0191,QA117S,Q,S,117,A
2336,0.1695,QA117T,Q,T,117,A
2337,-0.0081,QA117V,Q,V,117,A
2338,0.0776,QA117W,Q,W,117,A
2339,0.2103,QA117Y,Q,Y,117,A
2340,0.9476,GA118A,G,A,118,A
2341,0.4009,GA118C,G,C,118,A
2342,0.6488,GA118D,G,D,118,A
2343,0.9618,GA118E,G,E,118,A
2344,0.7901,GA118F,G,F,118,A
2345,0.0,GA118G,G,G,118,A
2346,0.7563,GA118H,G,H,118,A
2347,1.2879,GA118I,G,I,118,A
2348,0.9739,GA118K,G,K,118,A
2349,1.0147,GA118L,G,L,118,A
2350,0.9242,GA118M,G,M,118,A
2351,0.585,GA118N,G,N,118,A
2352,1.3479,GA118P,G,P,118,A
2353,0.8578,GA118Q,G,Q,118,A
2354,1.1201,GA118R,G,R,118,A
2355,0.8525,GA118S,G,S,118,A
2356,1.1436,GA118T,G,T,118,A
2357,1.324,GA118V,G,V,118,A
2358,0.8009,GA118W,G,W,118,A
2359,0.86,GA118Y,G,Y,118,A
2360,0.5034,TA119A,T,A,119,A
2361,0.0431,TA119C,T,C,119,A
2362,0.3964,TA119D,T,D,119,A
2363,0.6949,TA119E,T,E,119,A
2364,-0.2295,TA119F,T,F,119,A
2365,1.1746,TA119G,T,G,119,A
2366,0.0667,TA119H,T,H,119,A
2367,0.2559,TA119I,T,I,119,A
2368,0.8706,TA119K,T,K,119,A
2369,0.498,TA119L,T,L,119,A
2370,0.4672,TA119M,T,M,119,A
2371,0.6036,TA119N,T,N,119,A
2372,1.1107,TA119P,T,P,119,A
2373,0.7213,TA119Q,T,Q,119,A
2374,0.8267,TA119R,T,R,119,A
2375,0.3363,TA119S,T,S,119,A
2376,0.0,TA119T,T,T,119,A
2377,0.2563,TA119V,T,V,119,A
2378,-0.6382,TA119W,T,W,119,A
2379,-0.3808,TA119Y,T,Y,119,A
2380,0.3112,TA120A,T,A,120,A
2381,-0.0892,TA120C,T,C,120,A
2382,0.3479,TA120D,T,D,120,A
2383,0.1269,TA120E,T,E,120,A
2384,0.1416,TA120F,T,F,120,A
2385,0.7222,TA120G,T,G,120,A
2386,0.2074,TA120H,T,H,120,A
2387,-0.0784,TA120I,T,I,120,A
2388,0.2019,TA120K,T,K,120,A
2389,0.116,TA120L,T,L,120,A
2390,0.0849,TA120M,T,M,120,A
2391,0.297,TA120N,T,N,120,A
2392,0.8669,TA120P,T,P,120,A
2393,0.1272,TA120Q,T,Q,120,A
2394,0.247,TA120R,T,R,120,A
2395,0.1551,TA120S,T,S,120,A
2396,0.0,TA120T,T,T,120,A
2397,-0.1641,TA120V,T,V,120,A
2398,0.0838,TA120W,T,W,120,A
2399,0.132,TA120Y,T,Y,120,A
2400,1.9798,LA121A,L,A,121,A
2401,1.0923,LA121C,L,C,121,A
2402,2.1392,LA121D,L,D,121,A
2403,2.1898,LA121E,L,E,121,A
2404,1.1719,LA121F,L,F,121,A
2405,2.4679,LA121G,L,G,121,A
2406,2.0012,LA121H,L,H,121,A
2407,0.4164,LA121I,L,I,121,A
2408,2.1691,LA121K,L,K,121,A
2409,0.0,LA121L,L,L,121,A
2410,0.6584,LA121M,L,M,121,A
2411,2.1114,LA121N,L,N,121,A
2412,1.9607,LA121P,L,P,121,A
2413,2.013,LA121Q,L,Q,121,A
2414,2.1518,LA121R,L,R,121,A
2415,2.1859,LA121S,L,S,121,A
2416,1.9107,LA121T,L,T,121,A
2417,0.9224,LA121V,L,V,121,A
2418,1.3095,LA121W,L,W,121,A
2419,1.4899,LA121Y,L,Y,121,A
2420,0.7583,PA122A,P,A,122,A
2421,0.6148,PA122C,P,C,122,A
2422,1.2185,PA122D,P,D,122,A
2423,1.2631,PA122E,P,E,122,A
2424,1.0069,PA122F,P,F,122,A
2425,1.1717,PA122G,P,G,122,A
2426,1.1132,PA122H,P,H,122,A
2427,0.7981,PA122I,P,I,122,A
2428,1.0775,PA122K,P,K,122,A
2429,0.857,PA122L,P,L,122,A
2430,0.7991,PA122M,P,M,122,A
2431,1.359,PA122N,P,N,122,A
2432,0.0,PA122P,P,P,122,A
2433,1.1141,PA122Q,P,Q,122,A
2434,1.0511,PA122R,P,R,122,A
2435,1.007,PA122S,P,S,122,A
2436,1.1434,PA122T,P,T,122,A
2437,0.9284,PA122V,P,V,122,A
2438,1.0801,PA122W,P,W,122,A
2439,1.1872,PA122Y,P,Y,122,A
2440,-0.1132,KA123A,K,A,123,A
2441,-0.0018,KA123C,K,C,123,A
2442,0.1802,KA123D,K,D,123,A
2443,-0.0544,KA123E,K,E,123,A
2444,0.2195,KA123F,K,F,123,A
2445,0.2403,KA123G,K,G,123,A
2446,0.169,KA123H,K,H,123,A
2447,0.1703,KA123I,K,I,123,A
2448,0.0,KA123K,K,K,123,A
2449,0.1107,KA123L,K,L,123,A
2450,0.1516,KA123M,K,M,123,A
2451,0.238,KA123N,K,N,123,A
2452,0.0514,KA123P,K,P,123,A
2453,0.0296,KA123Q,K,Q,123,A
2454,0.169,KA123R,K,R,123,A
2455,-0.0341,KA123S,K,S,123,A
2456,0.2094,KA123T,K,T,123,A
2457,0.1057,KA123V,K,V,123,A
2458,0.2444,KA123W,K,W,123,A
2459,0.3493,KA123Y,K,Y,123,A
2460,1.1901,GA124A,G,A,124,A
2461,0.4638,GA124C,G,C,124,A
2462,0.5243,GA124D,G,D,124,A
2463,1.0877,GA124E,G,E,124,A
2464,0.7844,GA124F,G,F,124,A
2465,0.0,GA124G,G,G,124,A
2466,0.7301,GA124H,G,H,124,A
2467,1.5994,GA124I,G,I,124,A
2468,1.1911,GA124K,G,K,124,A
2469,1.2611,GA124L,G,L,124,A
2470,1.1325,GA124M,G,M,124,A
2471,0.465,GA124N,G,N,124,A
2472,1.4182,GA124P,G,P,124,A
2473,1.0048,GA124Q,G,Q,124,A
2474,1.3751,GA124R,G,R,124,A
2475,0.8007,GA124S,G,S,124,A
2476,1.0665,GA124T,G,T,124,A
2477,1.6582,GA124V,G,V,124,A
2478,0.9316,GA124W,G,W,124,A
2479,0.9587,GA124Y,G,Y,124,A
2480,2.0993,FA125A,F,A,125,A
2481,1.0749,FA125C,F,C,125,A
2482,2.2324,FA125D,F,D,125,A
2483,2.0003,FA125E,F,E,125,A
2484,0.0,FA125F,F,F,125,A
2485,2.0674,FA125G,F,G,125,A
2486,1.6968,FA125H,F,H,125,A
2487,1.1904,FA125I,F,I,125,A
2488,2.2296,FA125K,F,K,125,A
2489,1.1198,FA125L,F,L,125,A
2490,1.2425,FA125M,F,M,125,A
2491,2.0877,FA125N,F,N,125,A
2492,1.7887,FA125P,F,P,125,A
2493,2.1557,FA125Q,F,Q,125,A
2494,2.069,FA125R,F,R,125,A
2495,2.0098,FA125S,F,S,125,A
2496,2.0351,FA125T,F,T,125,A
2497,1.2861,FA125V,F,V,125,A
2498,0.6364,FA125W,F,W,125,A
2499,0.405,FA125Y,F,Y,125,A
2500,0.8665,YA126A,Y,A,126,A
2501,0.2267,YA126C,Y,C,126,A
2502,1.2271,YA126D,Y,D,126,A
2503,0.5996,YA126E,Y,E,126,A
2504,-0.0407,YA126F,Y,F,126,A
2505,1.4396,YA126G,Y,G,126,A
2506,0.4633,YA126H,Y,H,126,A
2507,0.3125,YA126I,Y,I,126,A
2508,0.589,YA126K,Y,K,126,A
2509,0.5442,YA126L,Y,L,126,A
2510,0.5293,YA126M,Y,M,126,A
2511,0.8839,YA126N,Y,N,126,A
2512,2.2254,YA126P,Y,P,126,A
2513,0.5039,YA126Q,Y,Q,126,A
2514,0.6917,YA126R,Y,R,126,A
2515,0.5964,YA126S,Y,S,126,A
2516,0.1552,YA126T,Y,T,126,A
2517,0.1425,YA126V,Y,V,126,A
2518,0.1461,YA126W,Y,W,126,A
2519,0.0,YA126Y,Y,Y,126,A
2520,0.0,AA127A,A,A,127,A
2521,-0.0243,AA127C,A,C,127,A
2522,1.1369,AA127D,A,D,127,A
2523,0.9195,AA127E,A,E,127,A
2524,0.3277,AA127F,A,F,127,A
2525,0.4332,AA127G,A,G,127,A
2526,0.7083,AA127H,A,H,127,A
2527,-0.0662,AA127I,A,I,127,A
2528,0.6,AA127K,A,K,127,A
2529,0.1103,AA127L,A,L,127,A
2530,0.0543,AA127M,A,M,127,A
2531,1.0456,AA127N,A,N,127,A
2532,-0.027,AA127P,A,P,127,A
2533,0.8449,AA127Q,A,Q,127,A
2534,0.6983,AA127R,A,R,127,A
2535,0.4935,AA127S,A,S,127,A
2536,0.4005,AA127T,A,T,127,A
2537,-0.0138,AA127V,A,V,127,A
2538,0.4798,AA127W,A,W,127,A
2539,0.5728,AA127Y,A,Y,127,A
2540,0.5633,EA128A,E,A,128,A
2541,0.135,EA128C,E,C,128,A
2542,0.2121,EA128D,E,D,128,A
2543,0.0,EA128E,E,E,128,A
2544,0.6372,EA128F,E,F,128,A
2545,0.5729,EA128G,E,G,128,A
2546,0.7551,EA128H,E,H,128,A
2547,0.372,EA128I,E,I,128,A
2548,0.7341,EA128K,E,K,128,A
2549,0.511,EA128L,E,L,128,A
2550,0.4182,EA128M,E,M,128,A
2551,0.5255,EA128N,E,N,128,A
2552,1.1797,EA128P,E,P,128,A
2553,0.4945,EA128Q,E,Q,128,A
2554,0.8732,EA128R,E,R,128,A
2555,0.319,EA128S,E,S,128,A
2556,0.3143,EA128T,E,T,128,A
2557,0.3902,EA128V,E,V,128,A
2558,0.5848,EA128W,E,W,128,A
2559,0.6259,EA128Y,E,Y,128,A
