"Site","average Escape Score"
2,0.142593968394325
3,0.218650813508062
4,0.135197107343143
5,0.119806532833197
6,0.116802689272631
7,0.127725374639377
8,0.180317581400411
9,0.128624836436943
10,0.10576235432032
11,0.136200617280507
12,0.113758823590854
13,0.17256690983083
14,0.126644788057932
15,0.185427317695008
16,0.149200316435006
17,0.134710745948242
18,0.110745937193634
19,0.0874177843764011
20,0.130167560601867
21,0.11786681945345
22,0.12710826228196
23,0.121345905413876
24,0.113150706302762
25,0.101826176124405
26,0.137517843362131
27,0.127578709520082
28,0.127201574657282
29,0.168583165145148
30,0.129297022061777
31,0.176015414424916
32,0.156034910197142
33,0.122645807010568
34,0.128286884783364
35,0.129188347671045
36,0.0858718611138048
37,0.122651464492555
38,0.0577541611948054
39,0.119915742989393
40,0.0631498989659299
41,0.10001910210487
42,0.113500002551263
43,0.132594496086219
44,0.117963704518274
45,0.124127585115311
46,0.106449543707147
47,0.105599167148237
48,0.12817524771842
49,0.132388869179777
50,0.153486585910622
51,0.380891806312195
52,0.341528733239375
53,0.322385668705507
54,0.335237463539256
55,0.247619685258488
56,0.276492678933169
57,0.10876742247675
58,0.210690444570831
59,0.135651817285447
60,0.204647146780716
61,0.114239919735673
62,0.177713152242557
63,0.220833116837503
64,0.366633445433625
65,0.103031862622495
66,0.314357653259107
67,0.13779295370587
68,0.136927509062352
69,0.285276949173602
70,0.149574875368035
71,0.390458547943563
72,0.353766356129854
73,0.489427090456664
74,0.146190537773473
75,0.18607064715199
76,0.117856031046736
77,0.167184977049373
78,0.130400865160194
79,0.121103268508785
80,0.194363752256363
81,0.113102622826821
82,0.274363492709316
83,0.141910919736214
84,0.504705553775335
85,0.674276788143398
86,0.583113077560113
87,0.491301189708158
88,0.203097292766615
89,0.283287226949025
90,0.152609457613024
91,0.129789884133857
92,0.114275525073802
93,0.172642648351165
94,0.174011852979321
95,0.141169631022964
96,0.146017539942089
97,0.123672591460054
98,0.18623143334722
99,0.114162868057837
100,0.145808452880195
101,0.139649598255268
102,0.0932751591798268
103,0.155394575905932
104,0.141524063651539
105,0.117371640795461
106,0.160053843050072
107,0.168522914167538
108,0.337378230977347
109,0.145333186016389
110,0.351591494703737
111,0.393680471687039
112,0.35533879485508
113,0.29914674928655
114,0.593047289096256
115,0.60511259052401
116,0.454279081383771
117,0.469447149827834
118,0.230460231562633
119,0.144786863326149
120,0.14962709870724
121,0.30393734001069
122,0.156796133948144
123,0.296520723806433
124,0.282505850593306
125,0.170632036330966
126,0.138318781727517
127,0.228641945536791
128,0.191443239085976
129,0.422834056793284
130,0.247057455715308
131,0.117942928099396
132,0.28463082904411
133,0.267403052894048
134,0.129735093047058
135,0.134932304911853
136,0.189694565751309
137,0.150980177812202
138,0.354170963128774
139,0.152175270331989
140,0.115403325584683
141,0.155032205780922
142,0.176812638829423
143,0.561856226802385
144,0.139472848209465
145,0.198673202874804
146,0.306129581661886
147,0.378874344870001
148,0.206456480239037
149,0.418896963137526
150,0.182296461959399
151,0.168403948252843
152,0.128392847772672
153,0.162592236558363
154,0.141117162839002
155,0.123415373000518
156,0.238973263479961
157,0.171022538364804
158,0.110482736401375
159,0.259773678807863
160,0.22326987316731
161,0.288720183309796
162,0.152609127132781
163,0.121832366586719
164,0.140612548434157
165,0.150025390964861
166,0.142922852576909
167,0.17107615410251
168,0.312453810081906
169,0.140057095511075
170,0.200595500963874
171,0.322342797473834
172,0.128632040619961
173,0.11460597270629
174,0.123814881856476
175,0.117965957110894
176,0.130317708793772
177,0.135571380640052
178,0.113277092030303
179,0.134761014827073
180,0.179711091209998
181,0.111668877357864
182,0.147301457578403
183,0.133477021533938
184,0.144380129266729
185,0.199540756651643
186,0.160345123321576
187,0.157694966537007
188,0.180450543005292
189,0.111219541041997
190,0.187780278755425
191,0.163141743215133
192,0.121976964139887
193,0.130430495826733
194,0.195055959324188
195,0.164364852046055
196,0.122930742568967
197,0.149634249368047
198,0.217514118412744
199,0.200633853798694
200,0.141017937641386
201,0.15103857739713
202,0.189066831321407
203,0.184050732488491
204,0.181735332175841
205,0.137036905541962
206,0.199193612401103
207,0.166084786920485
208,0.141624274678442
209,0.197937972028001
210,0.128905090727569
211,0.125169959416241
212,0.125825515121513
213,0.0693103298284588
214,0.134998271406532
215,0.164051724502134
216,0.118816101291159
217,0.1231818685463
218,0.134655507234609
219,0.098121154662795
220,0.119133912138712
221,0.126374234982882
222,0.110879224673384
223,0.12626765405806
224,0.131541196355358
225,0.119533423738648
226,0.118498585536545
227,0.126626731613231
228,0.122261500730606
229,0.113967993856623
230,0.082075852413578
231,0.150493728772504
232,0.118722299541269
233,0.143949087021406
234,0.137211495164639
235,0.117268783243828
236,0.138256001657667
237,0.155130720836373
238,0.145510239726362
239,0.13136253169836
240,0.141278199915826
241,0.184364801758213
242,0.142169425822578
243,0.107293190841139
244,0.128583947472809
245,0.108102902345783
246,0.151355789247725
247,0.136513629885423
248,0.110701557960031
249,0.107797781194816
250,0.134878050379874
251,0.0344912021647059
252,NA
253,0.0895017928523935
254,0.0868425554565316
255,0.0749898847574142
256,0.0677676873720373
257,0.0540531052467805
258,0.246527453436131
259,0.153444898816746
260,0.452279625309895
261,0.137252288518636
262,0.242737326223338
263,0.173571315167444
264,0.584358885265927
265,0.347731534263629
266,0.146524242085055
267,0.135015206035122
268,0.513540152107108
269,0.521761000316778
270,0.30308066096754
271,0.174481886596256
272,0.215734287407528
273,0.483522987765685
274,0.396741092338402
275,0.465162970046521
276,0.111573013540138
277,0.349634037110629
278,0.32470817105848
279,0.285143719770039
280,0.176173487265053
281,0.132983634622529
282,0.167906862148692
283,0.296284701750865
284,0.356678265699225
285,0.348256060304375
286,0.36931528060627
287,0.376870065843853
288,0.363973309742928
289,0.139776872075361
290,0.210235758941028
291,0.372160603144154
292,0.380225887829058
293,0.164867857052033
294,0.167698253016519
295,0.408356877158527
296,0.278266581774766
297,0.350916857057696
298,0.349502355440558
299,0.101211538166407
300,0.23314088830608
301,0.39296235063656
302,0.0928126642549368
303,0.149752996753306
304,0.355688843665899
305,0.311808053415242
306,0.130161610751192
307,0.339580486036662
308,0.333632310760928
309,0.412317309229834
310,0.442520217614428
311,0.243804878915386
312,0.467054270704406
313,0.5546421013486
314,0.396806280982851
315,0.446236312554338
316,0.58695312554671
317,0.38749958268758
318,0.526908318712599
319,0.508827770780846
320,0.328488733250504
321,0.195336685342561
322,0.431317790147833
323,0.131456424740183
324,0.128554078631016
325,0.14635351735813
326,0.121131246660515
327,0.150659362799363
328,0.244013260120575
329,0.256072697726119
330,0.178740196480011
331,0.379815628441808
332,0.244016949613331
333,0.448723545768865
334,0.174438154569579
335,0.637882971786732
336,0.137077766819451
337,0.402428409239378
338,0.0966285721643868
339,0.519543673892455
340,0.641928692173124
341,0.243400301467276
342,0.193655758098976
343,0.23640291779658
344,0.200013109741662
345,0.180837984701939
346,0.465303814512705
347,0.142596235272696
348,0.158743379900783
349,0.142187587951059
350,0.368490397912636
351,0.14867684427593
352,0.514080437054731
353,0.421067615308646
354,0.167118601721334
355,0.291039099613113
356,0.548928643333612
357,0.417798371772918
358,0.496831346294542
359,0.602335419135336
360,0.400309058061951
361,0.430610304046822
362,0.16448058340906
363,0.127993874744755
364,0.148889516062349
365,0.117849623352937
366,0.119750294834098
367,0.140132682757543
368,0.105844810381227
369,0.131781140821265
370,0.123969462968047
371,0.161591102794827
372,0.130661411036255
373,0.1227382760414
374,0.141925418088438
375,0.119786701383925
376,0.136417447582988
377,0.140536759171117
378,0.108443548079848
379,0.106390870746774
380,0.134640913407724
381,0.119053589188274
382,0.110802173269551
383,0.147238677854293
384,0.11109242833852
385,0.162690901940331
386,0.125785666587454
387,0.153520006593448
388,0.0879934255633322
389,0.111268007118987
390,0.12796388609769
391,0.118781118774753
392,0.194548657750334
393,0.165611872856594
394,0.139355314784546
395,0.133700814202009
396,0.254461639498465
397,0.142906505751484
398,0.150430920430253
399,0.163355450729107
400,0.13511812782774
401,0.153375955653084
402,0.164774690914926
403,0.100828575997267
404,0.191291517772202
405,0.154217621255443
406,0.167261079377637
407,0.10254957690609
408,0.152642732727856
409,0.120673893631493
410,0.151908722869483
411,0.148657358619432
412,0.186071377256447
413,0.14054770500689
414,0.140753899205529
415,0.155877077127584
416,0.212361221487637
417,0.141521187135195
418,0.100003695134965
419,0.137753607359163
