Site,average Escape Score,mutation,score,,Mutant â€“ WT
257,1.2840607,K1K,1.269234,,0.0148267
258,1.3067028,P2P,1.268922,,0.0377807999999999
259,1.2704966,R3R,1.268132,,0.00236459999999994
260,1.2937462,Q4Q,1.267454,,0.0262921999999999
261,1.2987287,K5K,1.270416,,0.0283127000000001
262,1.3118892,R6R,1.269404,,0.0424852
263,1.2937232,T7T,1.268312,,0.0254112
264,1.3146171,A8A,1.269168,,0.0454490999999999
265,1.3099928,T9T,1.271162,,0.0388308000000002
266,1.2898606,K10K,1.268868,,0.0209925999999998
267,1.287996,A11A,1.26943,,0.0185659999999999
268,1.2974811,Y12Y,1.26763,,0.0298510999999999
269,1.3088706,N13N,1.268876,,0.0399946000000002
270,1.2946745,V14V,1.272896,,0.0217784999999999
271,1.2772067,T15T,1.269778,,0.00742869999999996
272,1.2941838,Q16Q,1.267448,,0.0267358000000002
273,1.3069897,A17A,1.271256,,0.0357337
274,1.3112269,F18F,1.267302,,0.0439249000000002
275,1.317655,G19G,1.269294,,0.0483610000000001
276,1.2720162,R20R,1.270134,,0.00188219999999983
277,1.3018883,R21R,1.2663,,0.0355883000000001
278,1.3202593,G22G,1.27172,,0.0485393000000001
279,1.2917894,P23P,1.266082,,0.0257074000000002
280,1.2812521,E24E,1.269228,,0.0120240999999999
281,1.2668658,Q25Q,1.270838,,-0.00397219999999998
282,1.288668,T26T,1.26842,,0.0202479999999998
283,1.2988845,Q27Q,1.269318,,0.0295665000000001
284,1.3172784,G28G,1.269394,,0.0478844000000001
285,1.3198884,N29N,1.270562,,0.0493264
286,1.318892,F30F,1.27272,,0.0461719999999999
287,1.3172931,G31G,1.26934,,0.0479531000000002
288,1.3064789,D32D,1.267424,,0.0390549
289,1.2743631,Q33Q,1.268732,,0.0056311
290,1.2950156,E34E,1.270442,,0.0245735999999999
291,1.3030218,L35L,1.2646,,0.0384218000000001
292,1.301819,I36I,1.27312,,0.028699
293,1.2683126,R37R,1.265288,,0.00302460000000004
294,1.2794122,Q38Q,1.272706,,0.00670620000000022
295,1.317696,G39G,1.268194,,0.0495019999999999
296,1.2845114,T40T,1.267042,,0.0174694
297,1.312806,D41D,1.270716,,0.04209
298,1.3122855,Y42Y,1.268512,,0.0437734999999999
299,1.2867656,K43K,1.270104,,0.0166616000000002
300,1.2709608,H44H,1.267962,,0.00299879999999986
301,1.3189657,W45W,1.271328,,0.0476376999999999
302,1.2931075,P46P,1.27039,,0.0227175000000002
303,1.2849845,Q47Q,1.269078,,0.0159065
304,1.3089814,I48I,1.265892,,0.0430893999999999
305,1.2979262,A49A,1.273234,,0.0246922000000001
306,1.3003854,Q50Q,1.271086,,0.0292994
307,1.3103518,F51F,1.269934,,0.0404178000000002
308,1.2935187,A52A,1.270232,,0.0232866999999999
309,1.2949307,P53P,1.271118,,0.0238127000000001
310,1.2897642,S54S,1.269862,,0.0199022
311,1.2831214,A55A,1.26814,,0.0149813999999999
312,1.3163398,S56S,1.271024,,0.0453158
313,1.3137064,A57A,1.268694,,0.0450124000000001
314,1.2928411,F58F,1.27008,,0.0227610999999999
315,1.3109839,F59F,1.269756,,0.0412279
316,1.3164815,G60G,1.271318,,0.0451635000000001
317,1.284858,M61M,1.267086,,0.0177720000000001
318,1.2892099,S62S,1.269826,,0.0193839
319,1.2965659,R63R,1.269262,,0.0273039000000002
320,1.3056058,I64I,1.267094,,0.0385118
321,1.3067627,G65G,1.27202,,0.0347427
322,1.2899267,M66M,1.268234,,0.0216927
323,1.2876836,E67E,1.267828,,0.0198556000000001
324,1.2772804,V68V,1.26863,,0.00865040000000006
325,1.303868,T69T,1.268768,,0.0351000000000001
326,1.2906452,P70P,1.267648,,0.0229971999999998
327,1.2797115,S71S,1.27042,,0.00929149999999979
328,1.3176075,G72G,1.270814,,0.0467934999999999
329,1.3110325,T73T,1.272398,,0.0386345000000001
330,1.295685,W74W,1.270044,,0.025641
331,1.3113138,L75L,1.266568,,0.0447458000000001
332,1.3006622,T76T,1.267136,,0.0335262000000001
333,1.2880055,Y77Y,1.268806,,0.0191994999999998
334,1.2734527,T78T,1.26946,,0.00399269999999996
335,1.2988232,G79G,1.26969,,0.0291332
336,1.2894691,A80A,1.271754,,0.0177151
337,1.309131,I81I,1.27139,,0.037741
338,1.2871945,K82K,1.267174,,0.0200205
339,1.3082969,L83L,1.268954,,0.0393429000000001
340,1.3112756,D84D,1.269756,,0.0415196
341,1.2874203,D85D,1.271244,,0.0161762999999999
342,1.2890067,K86K,1.268924,,0.0200827000000001
343,1.3109506,D87D,1.270804,,0.0401465999999999
344,1.3080982,P88P,1.270574,,0.0375242
345,1.29769,N89N,1.269728,,0.027962
346,1.3041784,F90F,1.269742,,0.0344364000000001
347,1.2853905,K91K,1.267684,,0.0177065000000001
348,1.2830279,D92D,1.267646,,0.0153818999999999
349,1.2871614,Q93Q,1.268838,,0.0183234000000001
350,1.2959265,V94V,1.267384,,0.0285424999999999
351,1.2560759,I95I,1.268952,,-0.0128761000000002
352,1.3122591,L96L,1.270998,,0.0412610999999998
353,1.3120706,L97L,1.273342,,0.0387286
354,1.2837639,N98N,1.271946,,0.0118179
355,1.2904026,K99K,1.270958,,0.0194445999999999
356,1.2954533,H100H,1.273466,,0.0219872999999999
357,1.315794,I101I,1.270544,,0.04525
358,1.2981155,D102D,1.270178,,0.0279374999999999
359,1.3148547,A103A,1.26811,,0.0467446999999999
360,1.3098679,Y104Y,1.2706,,0.0392679
361,1.296376,K105K,1.266264,,0.0301119999999999
362,1.2765729,T106T,1.271126,,0.00544689999999992
363,1.3018978,F107F,1.270236,,0.0316618000000002
364,1.2936385,P108P,1.270454,,0.0231844999999999
