Site,average Escape Score,mutation,score,,Mutant â€“ wt
47,1.4837965,N1N,1.47766,,0.00613649999999999
48,1.503598,N2N,1.48056,,0.0230379999999999
49,1.4898455,T3T,1.48244,,0.00740549999999995
50,1.503974,A4A,1.47935,,0.024624
51,1.5157545,S5S,1.47915,,0.0366044999999999
52,1.491557,W6W,1.48613,,0.00542700000000007
53,1.5086795,F7F,1.47673,,0.0319494999999999
54,1.5176435,T8T,1.47844,,0.0392034999999999
55,1.4926635,A9A,1.47843,,0.0142335
56,1.519735,L10L,1.48212,,0.037615
57,1.497027,T11T,1.48209,,0.0149370000000002
58,1.49741,Q12Q,1.48164,,0.0157699999999998
59,1.482697,H13H,1.47698,,0.00571699999999997
60,1.5088955,G14G,1.4795,,0.0293954999999999
61,1.4922965,K15K,1.47907,,0.0132264999999998
62,1.5001015,E16E,1.4807,,0.0194015000000001
63,1.491248,D17D,1.47787,,0.0133779999999999
64,1.5192945,L18L,1.48068,,0.0386145
65,1.4883745,K19K,1.48036,,0.00801450000000004
66,1.521558,F20F,1.47837,,0.043188
67,1.501579,P21P,1.47937,,0.0222089999999999
68,1.4810885,R22R,1.48094,,0.000148500000000107
69,1.520703,G23G,1.48008,,0.0406229999999999
70,1.499881,Q24Q,1.47886,,0.021021
71,1.5206685,G25G,1.48214,,0.0385285
72,1.5195525,V26V,1.48091,,0.0386425000000001
73,1.5221445,P27P,1.48134,,0.0408044999999999
74,1.499823,I28I,1.48309,,0.0167329999999999
75,1.503265,N29N,1.47904,,0.0242250000000002
76,1.4844205,T30T,1.48015,,0.00427049999999984
77,1.4938425,N31N,1.48119,,0.0126525
78,1.4830425,S32S,1.47845,,0.0045925
79,1.4953235,S33S,1.481,,0.0143234999999999
80,1.493436,P34P,1.4803,,0.013136
81,1.4894575,D35D,1.47744,,0.0120175
82,1.519108,D36D,1.47809,,0.041018
83,1.501233,Q37Q,1.47811,,0.023123
84,1.514674,I38I,1.47944,,0.035234
85,1.521099,G39G,1.47818,,0.0429189999999999
86,1.5204015,Y40Y,1.48202,,0.0383815000000001
87,1.516407,Y41Y,1.47906,,0.037347
88,1.4942395,R42R,1.47387,,0.0203694999999999
89,1.506502,R43R,1.48201,,0.024492
90,1.480051,A44A,1.48295,,-0.00289899999999998
91,1.489023,T45T,1.48271,,0.00631300000000001
92,1.491317,R46R,1.48536,,0.00595699999999999
93,1.4914205,R47R,1.47901,,0.0124105000000001
94,1.4913265,I48I,1.47724,,0.0140864999999999
95,1.487582,R49R,1.47851,,0.00907199999999997
96,1.5090555,G50G,1.47962,,0.0294355000000002
97,1.476919,G51G,1.47936,,-0.00244099999999992
98,1.506393,D52D,1.47917,,0.027223
99,1.512772,G53G,1.47916,,0.033612
100,1.496789,K54K,1.47957,,0.0172189999999999
101,1.4893625,M55M,1.482,,0.00736249999999994
102,1.4945515,K56K,1.47965,,0.0149015000000001
103,1.4867885,D57D,1.47887,,0.00791850000000016
104,1.5119115,L58L,1.4846,,0.0273115000000002
105,1.478192,S59S,1.48006,,-0.00186799999999998
106,1.5061815,P60P,1.47601,,0.0301715
107,1.498261,R61R,1.48108,,0.0171810000000001
108,1.513201,W62W,1.4829,,0.0303009999999999
109,1.509889,Y63Y,1.47584,,0.034049
110,1.519471,F64F,1.47984,,0.039631
111,1.516762,Y65Y,1.47785,,0.0389119999999998
112,1.5141825,Y66Y,1.47643,,0.0377525000000001
113,1.505215,L67L,1.48219,,0.0230250000000001
114,1.520349,G68G,1.47613,,0.044219
115,1.5168735,T69T,1.47859,,0.0382834999999999
116,1.5206385,G70G,1.4821,,0.0385385
117,1.5199305,P71P,1.48019,,0.0397405000000002
118,1.4924925,E72E,1.48373,,0.00876250000000001
119,1.5064715,A73A,1.47919,,0.0272815
120,1.49445,G74G,1.4754,,0.01905
121,1.5175515,L75L,1.47942,,0.0381315
122,1.5079225,P76P,1.4821,,0.0258225000000001
123,1.505563,Y77Y,1.47501,,0.0305530000000001
124,1.5172445,G78G,1.47943,,0.0378145000000001
125,1.4953445,A79A,1.47835,,0.0169945
126,1.481152,N80N,1.47941,,0.00174200000000013
127,1.5068155,K81K,1.4789,,0.0279155
128,1.490061,D82D,1.47941,,0.0106510000000002
129,1.519751,G83G,1.48226,,0.0374910000000002
130,1.50696,I84I,1.47644,,0.0305200000000001
131,1.4751855,I85I,1.47727,,-0.00208450000000004
132,1.520525,W86W,1.48196,,0.038565
133,1.5176765,V87V,1.47984,,0.0378365
134,1.499498,A88A,1.48138,,0.0181180000000001
135,1.4949655,T89T,1.47606,,0.0189055
136,1.4922415,E90E,1.48089,,0.0113515
137,1.519334,G91G,1.47997,,0.039364
138,1.519882,A92A,1.47923,,0.0406519999999999
139,1.4912455,L93L,1.48257,,0.00867550000000006
140,1.49976,N94N,1.48039,,0.0193699999999999
141,1.4877675,T95T,1.47612,,0.0116474999999998
142,1.51038,P96P,1.47826,,0.0321200000000001
143,1.5201625,K97K,1.48159,,0.0385725000000001
144,1.475882,D98D,1.48317,,-0.00728800000000018
145,1.5000095,H99H,1.48249,,0.0175194999999999
146,1.50819,I100I,1.48655,,0.0216399999999999
147,1.5150005,G101G,1.48025,,0.0347504999999999
148,1.514424,T102T,1.48002,,0.0344040000000001
149,1.518261,R103R,1.48388,,0.034381
150,1.5129195,N104N,1.47567,,0.0372494999999999
151,1.5201355,P105P,1.48036,,0.0397755000000002
152,1.4998165,A106A,1.47977,,0.0200465000000001
153,1.4867925,N107N,1.48009,,0.00670250000000006
154,1.485669,N108N,1.47813,,0.00753899999999996
155,1.494113,A109A,1.47912,,0.014993
156,1.4999295,A110A,1.48051,,0.0194194999999999
157,1.496728,I111I,1.4748,,0.0219279999999999
158,1.4845175,V112V,1.47611,,0.0084074999999999
159,1.502362,L113L,1.48458,,0.017782
160,1.49424,Q114Q,1.48095,,0.01329
161,1.509322,L115L,1.48196,,0.0273620000000001
162,1.503208,P116P,1.47726,,0.0259480000000001
163,1.485057,Q117Q,1.47837,,0.00668700000000011
164,1.518763,G118G,1.48015,,0.038613
165,1.512542,T119T,1.48028,,0.032262
166,1.493143,T120T,1.48191,,0.011233
167,1.513218,L121L,1.48061,,0.032608
168,1.5202395,P122P,1.48056,,0.0396794999999999
169,1.489005,K123K,1.47951,,0.00949499999999981
170,1.51169,G124G,1.48289,,0.0287999999999999
171,1.5131505,F125F,1.48247,,0.0306805000000001
172,1.4837635,Y126Y,1.47841,,0.00535350000000001
173,1.4977775,A127A,1.47344,,0.0243374999999999
174,1.4954535,E128E,1.47978,,0.0156734999999999
